request_id,patient,doctor_id,procedure_type,acceptable_room_type,requested_start,duration_min
A1,Patient 1,D44,Crown,General Operatory,11:20,42
A2,Patient 2,D16,Filling,General Operatory,13:55,22
A3,Patient 3,D27,Extraction,General Operatory,10:50,38
A4,Patient 4,D17,Checkup/Cleaning,General Operatory,11:25,52
A5,Patient 5,D17,Filling,General Operatory,11:35,39
A6,Patient 6,D49,Crown,General Operatory,12:55,30
A7,Patient 7,D37,X-ray/Imaging,Imaging Room,13:10,10
A8,Patient 8,D33,Checkup/Cleaning,General Operatory,12:10,59
A9,Patient 9,D16,Filling,General Operatory,12:50,30
A10,Patient 10,D46,Checkup/Cleaning,General Operatory,13:05,55
A11,Patient 11,D1,Extraction,General Operatory,09:55,37
A12,Patient 12,D9,Checkup/Cleaning,General Operatory,09:40,58
A13,Patient 13,D10,Checkup/Cleaning,General Operatory,10:05,49
A14,Patient 14,D14,Extraction,General Operatory,13:20,28
A15,Patient 15,D17,Crown,General Operatory,09:50,57
A16,Patient 16,D41,Filling,General Operatory,10:45,37
A17,Patient 17,D22,Root Canal,Endodontic Operatory,09:45,80
A18,Patient 18,D48,Filling,General Operatory,12:40,47
A19,Patient 19,D8,Checkup/Cleaning,General Operatory,12:40,58
A20,Patient 20,D35,Checkup/Cleaning,General Operatory,14:15,41
A21,Patient 21,D10,Filling,General Operatory,11:45,22
A22,Patient 22,D3,Crown,General Operatory,13:00,36
A23,Patient 23,D43,Checkup/Cleaning,General Operatory,13:00,54
A24,Patient 24,D40,Extraction,General Operatory,15:30,27
A25,Patient 25,D12,Crown,General Operatory,09:30,30
A26,Patient 26,D27,Root Canal,Endodontic Operatory,10:20,87
A27,Patient 27,D18,Checkup/Cleaning,General Operatory,10:10,52
A28,Patient 28,D3,Crown,General Operatory,10:15,37
A29,Patient 29,D23,Checkup/Cleaning,General Operatory,11:10,55
A30,Patient 30,D15,Checkup/Cleaning,General Operatory,10:10,36
A31,Patient 31,D18,Crown,General Operatory,14:10,60
A32,Patient 32,D23,Extraction,General Operatory,11:10,32
A33,Patient 33,D22,Crown,General Operatory,10:05,33
A34,Patient 34,D38,X-ray/Imaging,Imaging Room,09:20,12
A35,Patient 35,D39,Filling,General Operatory,12:50,40
A36,Patient 36,D33,Checkup/Cleaning,General Operatory,13:45,58
A37,Patient 37,D17,Checkup/Cleaning,General Operatory,10:20,43
A38,Patient 38,D35,Extraction,General Operatory,12:45,26
A39,Patient 39,D5,Crown,General Operatory,12:45,59
A40,Patient 40,D21,Extraction,General Operatory,13:10,23
A41,Patient 41,D33,Checkup/Cleaning,General Operatory,12:35,43
A42,Patient 42,D45,Checkup/Cleaning,General Operatory,10:10,34
A43,Patient 43,D43,Crown,General Operatory,12:45,51
A44,Patient 44,D40,Filling,General Operatory,13:40,45
A45,Patient 45,D20,Checkup/Cleaning,General Operatory,14:45,43
A46,Patient 46,D39,Extraction,General Operatory,12:45,34
A47,Patient 47,D44,Checkup/Cleaning,General Operatory,15:15,45
A48,Patient 48,D43,Checkup/Cleaning,General Operatory,13:20,46
A49,Patient 49,D40,Checkup/Cleaning,General Operatory,15:15,56
A50,Patient 50,D44,Checkup/Cleaning,General Operatory,10:50,55
A51,Patient 51,D2,Checkup/Cleaning,General Operatory,12:45,45
A52,Patient 52,D30,Filling,General Operatory,10:30,60
A53,Patient 53,D46,Extraction,General Operatory,11:30,35
A54,Patient 54,D10,Extraction,General Operatory,14:30,20
A55,Patient 55,D50,Filling,General Operatory,15:50,31
A56,Patient 56,D30,Checkup/Cleaning,General Operatory,11:20,37
A57,Patient 57,D30,Checkup/Cleaning,General Operatory,11:00,44
A58,Patient 58,D36,Filling,General Operatory,13:10,48
A59,Patient 59,D28,Root Canal,Endodontic Operatory,09:45,77
A60,Patient 60,D48,Crown,General Operatory,11:25,44
A61,Patient 61,D41,Checkup/Cleaning,General Operatory,14:05,54
A62,Patient 62,D41,Checkup/Cleaning,General Operatory,11:05,44
A63,Patient 63,D16,Checkup/Cleaning,General Operatory,13:45,40
A64,Patient 64,D9,Checkup/Cleaning,General Operatory,10:35,42
A65,Patient 65,D46,Checkup/Cleaning,General Operatory,11:35,43
A66,Patient 66,D35,Filling,General Operatory,11:15,23
A67,Patient 67,D25,Crown,General Operatory,10:25,48
A68,Patient 68,D49,Filling,General Operatory,11:05,50
A69,Patient 69,D20,Root Canal,Endodontic Operatory,14:00,87
A70,Patient 70,D35,Extraction,General Operatory,15:50,37
A71,Patient 71,D15,Filling,General Operatory,10:20,37
A72,Patient 72,D2,Filling,General Operatory,12:50,45
A73,Patient 73,D30,Crown,General Operatory,10:25,49
A74,Patient 74,D26,Filling,General Operatory,10:15,21
A75,Patient 75,D9,Crown,General Operatory,09:25,35
A76,Patient 76,D25,Checkup/Cleaning,General Operatory,10:10,44
A77,Patient 77,D49,Crown,General Operatory,15:35,38
A78,Patient 78,D17,Root Canal,Endodontic Operatory,10:15,75
A79,Patient 79,D4,X-ray/Imaging,Imaging Room,09:20,12
A80,Patient 80,D50,X-ray/Imaging,Imaging Room,15:35,10
A81,Patient 81,D16,Checkup/Cleaning,General Operatory,13:55,30
A82,Patient 82,D16,Checkup/Cleaning,General Operatory,11:20,51
A83,Patient 83,D14,Filling,General Operatory,14:35,36
A84,Patient 84,D11,Extraction,General Operatory,11:30,23
A85,Patient 85,D20,Checkup/Cleaning,General Operatory,11:55,30
A86,Patient 86,D44,Crown,General Operatory,12:25,42
A87,Patient 87,D5,Filling,General Operatory,10:50,60
A88,Patient 88,D45,Root Canal,Endodontic Operatory,12:55,87
A89,Patient 89,D8,Root Canal,Endodontic Operatory,13:45,78
A90,Patient 90,D23,Filling,General Operatory,09:40,43
A91,Patient 91,D42,Checkup/Cleaning,General Operatory,11:40,57
A92,Patient 92,D7,Filling,General Operatory,13:10,43
A93,Patient 93,D46,Checkup/Cleaning,General Operatory,13:15,35
A94,Patient 94,D42,Checkup/Cleaning,General Operatory,13:05,55
A95,Patient 95,D30,Filling,General Operatory,10:05,57
A96,Patient 96,D16,Root Canal,Endodontic Operatory,12:35,62
A97,Patient 97,D16,Root Canal,Endodontic Operatory,13:45,78
A98,Patient 98,D22,Checkup/Cleaning,General Operatory,09:55,57
A99,Patient 99,D32,Checkup/Cleaning,General Operatory,11:30,55
A100,Patient 100,D18,Crown,General Operatory,11:45,52
A101,Patient 101,D1,Filling,General Operatory,09:25,32
A102,Patient 102,D47,Filling,General Operatory,15:15,55
A103,Patient 103,D45,Filling,General Operatory,11:10,51
A104,Patient 104,D6,Checkup/Cleaning,General Operatory,12:55,42
A105,Patient 105,D20,Extraction,General Operatory,11:50,31
A106,Patient 106,D34,Checkup/Cleaning,General Operatory,10:45,53
A107,Patient 107,D23,Extraction,General Operatory,10:10,28
A108,Patient 108,D15,Checkup/Cleaning,General Operatory,10:00,36
A109,Patient 109,D48,Filling,General Operatory,10:00,31
A110,Patient 110,D48,Filling,General Operatory,14:30,57
A111,Patient 111,D39,Checkup/Cleaning,General Operatory,15:25,33
A112,Patient 112,D19,Checkup/Cleaning,General Operatory,11:15,35
A113,Patient 113,D46,Filling,General Operatory,09:50,37
A114,Patient 114,D36,Checkup/Cleaning,General Operatory,10:25,60
A115,Patient 115,D49,Filling,General Operatory,14:10,20
A116,Patient 116,D31,Filling,General Operatory,10:50,41
A117,Patient 117,D17,Crown,General Operatory,09:50,45
A118,Patient 118,D26,Filling,General Operatory,12:35,56
A119,Patient 119,D10,Checkup/Cleaning,General Operatory,11:15,48
A120,Patient 120,D16,Checkup/Cleaning,General Operatory,12:45,54
A121,Patient 121,D39,Root Canal,Endodontic Operatory,15:20,67
A122,Patient 122,D25,Filling,General Operatory,10:25,48
A123,Patient 123,D28,Checkup/Cleaning,General Operatory,09:45,49
A124,Patient 124,D48,Checkup/Cleaning,General Operatory,10:25,54
A125,Patient 125,D14,Checkup/Cleaning,General Operatory,10:00,32
A126,Patient 126,D12,Filling,General Operatory,09:35,30
A127,Patient 127,D29,Extraction,General Operatory,09:55,35
A128,Patient 128,D15,Checkup/Cleaning,General Operatory,11:00,39
A129,Patient 129,D5,Extraction,General Operatory,16:00,28
A130,Patient 130,D38,Extraction,General Operatory,10:00,26
A131,Patient 131,D35,Checkup/Cleaning,General Operatory,12:25,34
A132,Patient 132,D5,Checkup/Cleaning,General Operatory,12:45,55
A133,Patient 133,D48,Root Canal,Endodontic Operatory,11:25,89
A134,Patient 134,D8,Filling,General Operatory,13:05,39
A135,Patient 135,D18,Filling,General Operatory,11:15,51
A136,Patient 136,D39,Checkup/Cleaning,General Operatory,14:00,43
A137,Patient 137,D39,Checkup/Cleaning,General Operatory,11:25,32
A138,Patient 138,D38,X-ray/Imaging,Imaging Room,11:45,15
A139,Patient 139,D37,Checkup/Cleaning,General Operatory,10:15,54
A140,Patient 140,D34,Extraction,General Operatory,09:50,28
A141,Patient 141,D28,Extraction,General Operatory,09:40,35
A142,Patient 142,D23,Filling,General Operatory,10:35,40
A143,Patient 143,D11,Checkup/Cleaning,General Operatory,10:05,52
A144,Patient 144,D43,Crown,General Operatory,14:35,56
A145,Patient 145,D3,Filling,General Operatory,11:35,40
A146,Patient 146,D8,X-ray/Imaging,Imaging Room,15:00,13
A147,Patient 147,D1,Extraction,General Operatory,10:15,37
A148,Patient 148,D4,Checkup/Cleaning,General Operatory,11:00,41
A149,Patient 149,D41,Filling,General Operatory,11:05,23
A150,Patient 150,D36,Checkup/Cleaning,General Operatory,11:45,39
A151,Patient 151,D8,Checkup/Cleaning,General Operatory,12:50,50
A152,Patient 152,D46,Checkup/Cleaning,General Operatory,10:20,47
A153,Patient 153,D27,Checkup/Cleaning,General Operatory,09:35,56
A154,Patient 154,D8,Extraction,General Operatory,11:35,24
A155,Patient 155,D33,Extraction,General Operatory,15:45,33
A156,Patient 156,D31,Checkup/Cleaning,General Operatory,11:10,47
A157,Patient 157,D13,Crown,General Operatory,10:35,46
A158,Patient 158,D5,Checkup/Cleaning,General Operatory,15:25,55
A159,Patient 159,D22,Crown,General Operatory,09:45,46
A160,Patient 160,D19,Extraction,General Operatory,13:15,38
A161,Patient 161,D10,Filling,General Operatory,11:30,50
A162,Patient 162,D36,Root Canal,Endodontic Operatory,11:20,72
A163,Patient 163,D13,X-ray/Imaging,Imaging Room,11:10,11
A164,Patient 164,D15,Crown,General Operatory,09:30,43
A165,Patient 165,D48,Filling,General Operatory,11:20,44
A166,Patient 166,D32,X-ray/Imaging,Imaging Room,13:35,11
A167,Patient 167,D22,Crown,General Operatory,11:25,57
A168,Patient 168,D7,Filling,General Operatory,09:55,49
A169,Patient 169,D27,Crown,General Operatory,09:40,34
A170,Patient 170,D17,Checkup/Cleaning,General Operatory,11:15,52
A171,Patient 171,D22,Crown,General Operatory,10:45,57
A172,Patient 172,D21,Extraction,General Operatory,14:45,35
A173,Patient 173,D3,Extraction,General Operatory,13:05,27
A174,Patient 174,D15,Extraction,General Operatory,09:50,33
A175,Patient 175,D46,Crown,General Operatory,10:05,44
A176,Patient 176,D2,Checkup/Cleaning,General Operatory,10:00,55
A177,Patient 177,D23,Filling,General Operatory,09:45,29
A178,Patient 178,D27,Filling,General Operatory,09:20,31
A179,Patient 179,D6,Extraction,General Operatory,13:00,32
A180,Patient 180,D32,Crown,General Operatory,10:15,34
A181,Patient 181,D41,Checkup/Cleaning,General Operatory,13:45,38
A182,Patient 182,D30,Crown,General Operatory,10:35,51
A183,Patient 183,D5,Filling,General Operatory,14:00,42
A184,Patient 184,D41,X-ray/Imaging,Imaging Room,12:50,15
A185,Patient 185,D20,Checkup/Cleaning,General Operatory,14:40,42
A186,Patient 186,D7,Checkup/Cleaning,General Operatory,11:45,48
A187,Patient 187,D19,X-ray/Imaging,Imaging Room,10:15,12
A188,Patient 188,D18,Checkup/Cleaning,General Operatory,12:35,57
A189,Patient 189,D39,Extraction,General Operatory,15:30,29
A190,Patient 190,D39,Root Canal,Endodontic Operatory,13:40,67
A191,Patient 191,D40,Checkup/Cleaning,General Operatory,13:40,54
A192,Patient 192,D41,Checkup/Cleaning,General Operatory,13:40,50
A193,Patient 193,D20,Root Canal,Endodontic Operatory,12:55,61
A194,Patient 194,D47,Checkup/Cleaning,General Operatory,12:25,59
A195,Patient 195,D48,Filling,General Operatory,10:20,32
A196,Patient 196,D24,Filling,General Operatory,14:20,37
A197,Patient 197,D17,Crown,General Operatory,11:25,60
A198,Patient 198,D48,Crown,General Operatory,10:10,55
A199,Patient 199,D5,Checkup/Cleaning,General Operatory,11:10,60
A200,Patient 200,D36,Filling,General Operatory,10:00,45
A201,Patient 201,D35,Checkup/Cleaning,General Operatory,13:55,41
A202,Patient 202,D38,Filling,General Operatory,09:50,60
A203,Patient 203,D44,Checkup/Cleaning,General Operatory,14:20,30
A204,Patient 204,D21,Crown,General Operatory,12:45,37
A205,Patient 205,D41,Root Canal,Endodontic Operatory,13:35,89
A206,Patient 206,D42,Filling,General Operatory,09:50,28
A207,Patient 207,D20,X-ray/Imaging,Imaging Room,10:05,10
A208,Patient 208,D35,Checkup/Cleaning,General Operatory,12:45,44
A209,Patient 209,D27,Filling,General Operatory,10:00,29
A210,Patient 210,D32,Extraction,General Operatory,10:10,28
A211,Patient 211,D14,Filling,General Operatory,14:35,35
A212,Patient 212,D7,X-ray/Imaging,Imaging Room,13:20,12
A213,Patient 213,D4,Filling,General Operatory,09:40,32
A214,Patient 214,D6,Extraction,General Operatory,13:20,40
A215,Patient 215,D2,Checkup/Cleaning,General Operatory,09:55,40
A216,Patient 216,D37,Checkup/Cleaning,General Operatory,14:35,56
A217,Patient 217,D14,Filling,General Operatory,11:25,34
A218,Patient 218,D39,Checkup/Cleaning,General Operatory,10:50,57
A219,Patient 219,D35,Checkup/Cleaning,General Operatory,10:45,35
A220,Patient 220,D9,Checkup/Cleaning,General Operatory,11:15,55
A221,Patient 221,D38,Checkup/Cleaning,General Operatory,09:55,35
A222,Patient 222,D9,Extraction,General Operatory,09:15,36
A223,Patient 223,D31,Filling,General Operatory,14:15,43
A224,Patient 224,D7,Filling,General Operatory,12:45,34
A225,Patient 225,D47,Root Canal,Endodontic Operatory,13:50,87
A226,Patient 226,D20,Filling,General Operatory,10:20,21
A227,Patient 227,D26,Filling,General Operatory,11:45,26
A228,Patient 228,D5,Crown,General Operatory,13:50,40
A229,Patient 229,D5,Checkup/Cleaning,General Operatory,14:15,49
A230,Patient 230,D36,Extraction,General Operatory,13:20,32
A231,Patient 231,D19,Filling,General Operatory,11:15,58
A232,Patient 232,D45,Checkup/Cleaning,General Operatory,13:10,50
A233,Patient 233,D47,Crown,General Operatory,12:25,43
A234,Patient 234,D27,Checkup/Cleaning,General Operatory,10:15,44
A235,Patient 235,D47,Checkup/Cleaning,General Operatory,12:30,43
A236,Patient 236,D24,X-ray/Imaging,Imaging Room,11:25,15
A237,Patient 237,D6,Root Canal,Endodontic Operatory,11:10,62
A238,Patient 238,D48,Extraction,General Operatory,12:55,24
A239,Patient 239,D38,X-ray/Imaging,Imaging Room,10:05,14
A240,Patient 240,D27,Filling,General Operatory,11:05,47
A241,Patient 241,D19,Extraction,General Operatory,10:25,31
A242,Patient 242,D33,Checkup/Cleaning,General Operatory,12:25,51
A243,Patient 243,D7,Filling,General Operatory,11:15,55
A244,Patient 244,D49,Checkup/Cleaning,General Operatory,15:40,37
A245,Patient 245,D36,X-ray/Imaging,Imaging Room,13:30,14
A246,Patient 246,D2,Extraction,General Operatory,10:00,28
A247,Patient 247,D18,Extraction,General Operatory,11:40,29
A248,Patient 248,D1,Checkup/Cleaning,General Operatory,11:00,34
A249,Patient 249,D5,Checkup/Cleaning,General Operatory,10:50,50
A250,Patient 250,D48,Filling,General Operatory,11:40,44
A251,Patient 251,D22,Checkup/Cleaning,General Operatory,10:50,39
A252,Patient 252,D50,Crown,General Operatory,10:45,49
A253,Patient 253,D10,Checkup/Cleaning,General Operatory,09:50,49
A254,Patient 254,D18,Filling,General Operatory,11:50,47
A255,Patient 255,D29,Filling,General Operatory,11:45,33
A256,Patient 256,D8,Checkup/Cleaning,General Operatory,11:55,33
A257,Patient 257,D32,Filling,General Operatory,10:00,39
A258,Patient 258,D26,X-ray/Imaging,Imaging Room,10:05,10
A259,Patient 259,D20,Crown,General Operatory,10:00,54
A260,Patient 260,D19,Checkup/Cleaning,General Operatory,11:45,30
A261,Patient 261,D12,Checkup/Cleaning,General Operatory,10:40,47
A262,Patient 262,D33,Filling,General Operatory,11:10,42
A263,Patient 263,D48,Checkup/Cleaning,General Operatory,11:20,30
A264,Patient 264,D21,Filling,General Operatory,11:50,56
A265,Patient 265,D27,Checkup/Cleaning,General Operatory,09:30,42
A266,Patient 266,D11,Root Canal,Endodontic Operatory,10:00,79
A267,Patient 267,D6,Filling,General Operatory,10:15,26
A268,Patient 268,D38,Filling,General Operatory,10:15,25
A269,Patient 269,D48,Checkup/Cleaning,General Operatory,14:20,40
A270,Patient 270,D5,Filling,General Operatory,14:20,27
A271,Patient 271,D13,Crown,General Operatory,10:00,41
A272,Patient 272,D16,Checkup/Cleaning,General Operatory,10:55,38
A273,Patient 273,D39,Checkup/Cleaning,General Operatory,13:40,54
A274,Patient 274,D12,X-ray/Imaging,Imaging Room,10:25,15
A275,Patient 275,D49,Filling,General Operatory,12:45,57
A276,Patient 276,D42,Extraction,General Operatory,11:55,39
A277,Patient 277,D21,Checkup/Cleaning,General Operatory,11:45,32
A278,Patient 278,D41,Checkup/Cleaning,General Operatory,13:45,38
A279,Patient 279,D23,Filling,General Operatory,10:20,39
A280,Patient 280,D3,Checkup/Cleaning,General Operatory,11:10,56
A281,Patient 281,D42,Crown,General Operatory,10:20,57
A282,Patient 282,D39,Filling,General Operatory,14:10,49
A283,Patient 283,D48,Crown,General Operatory,14:45,44
A284,Patient 284,D42,Checkup/Cleaning,General Operatory,11:40,49
A285,Patient 285,D10,X-ray/Imaging,Imaging Room,10:10,13
A286,Patient 286,D46,Checkup/Cleaning,General Operatory,09:45,50
A287,Patient 287,D16,Extraction,General Operatory,14:20,34
A288,Patient 288,D40,Checkup/Cleaning,General Operatory,12:35,41
A289,Patient 289,D27,Root Canal,Endodontic Operatory,10:10,81
A290,Patient 290,D41,Extraction,General Operatory,12:25,22
A291,Patient 291,D36,Extraction,General Operatory,11:55,29
A292,Patient 292,D10,Checkup/Cleaning,General Operatory,12:45,48
A293,Patient 293,D23,Checkup/Cleaning,General Operatory,10:50,50
A294,Patient 294,D9,Filling,General Operatory,10:30,25
A295,Patient 295,D25,Extraction,General Operatory,11:25,30
A296,Patient 296,D43,Extraction,General Operatory,10:15,36
A297,Patient 297,D33,Filling,General Operatory,12:25,43
A298,Patient 298,D14,Checkup/Cleaning,General Operatory,11:20,54
A299,Patient 299,D15,X-ray/Imaging,Imaging Room,09:30,11
A300,Patient 300,D7,Filling,General Operatory,14:30,54
A301,Patient 301,D3,Extraction,General Operatory,10:25,39
A302,Patient 302,D25,Checkup/Cleaning,General Operatory,11:50,35
A303,Patient 303,D11,Extraction,General Operatory,10:20,21
A304,Patient 304,D44,Extraction,General Operatory,14:05,34
A305,Patient 305,D49,Extraction,General Operatory,11:20,34
A306,Patient 306,D16,Checkup/Cleaning,General Operatory,15:30,55
A307,Patient 307,D13,Filling,General Operatory,10:15,56
A308,Patient 308,D50,Checkup/Cleaning,General Operatory,14:15,42
A309,Patient 309,D27,X-ray/Imaging,Imaging Room,12:10,11
A310,Patient 310,D9,Crown,General Operatory,11:05,31
A311,Patient 311,D24,Filling,General Operatory,13:20,26
A312,Patient 312,D8,Checkup/Cleaning,General Operatory,10:00,54
A313,Patient 313,D29,Crown,General Operatory,11:40,34
A314,Patient 314,D6,Crown,General Operatory,14:40,37
A315,Patient 315,D23,Crown,General Operatory,09:35,43
A316,Patient 316,D33,Filling,General Operatory,11:10,44
A317,Patient 317,D15,Checkup/Cleaning,General Operatory,09:30,59
A318,Patient 318,D10,Checkup/Cleaning,General Operatory,14:40,39
A319,Patient 319,D45,Root Canal,Endodontic Operatory,12:45,84
A320,Patient 320,D29,Extraction,General Operatory,09:30,22
A321,Patient 321,D14,Root Canal,Endodontic Operatory,13:00,77
A322,Patient 322,D34,Filling,General Operatory,09:30,38
A323,Patient 323,D8,Checkup/Cleaning,General Operatory,13:20,43
A324,Patient 324,D30,Checkup/Cleaning,General Operatory,10:20,56
A325,Patient 325,D35,Checkup/Cleaning,General Operatory,13:55,46
A326,Patient 326,D46,Checkup/Cleaning,General Operatory,10:25,43
A327,Patient 327,D23,Checkup/Cleaning,General Operatory,09:15,43
A328,Patient 328,D34,X-ray/Imaging,Imaging Room,11:20,10
A329,Patient 329,D33,Root Canal,Endodontic Operatory,13:25,76
A330,Patient 330,D25,Crown,General Operatory,11:00,31
A331,Patient 331,D24,Checkup/Cleaning,General Operatory,11:20,30
A332,Patient 332,D23,Checkup/Cleaning,General Operatory,10:30,51
A333,Patient 333,D50,Filling,General Operatory,10:45,41
A334,Patient 334,D23,Filling,General Operatory,11:45,31
A335,Patient 335,D45,Filling,General Operatory,14:25,31
A336,Patient 336,D5,Extraction,General Operatory,11:05,34
A337,Patient 337,D13,Checkup/Cleaning,General Operatory,09:30,36
A338,Patient 338,D20,Filling,General Operatory,11:25,54
A339,Patient 339,D3,Root Canal,Endodontic Operatory,11:25,66
A340,Patient 340,D50,Checkup/Cleaning,General Operatory,12:25,50
A341,Patient 341,D8,Root Canal,Endodontic Operatory,11:30,73
A342,Patient 342,D25,Checkup/Cleaning,General Operatory,10:20,35
A343,Patient 343,D24,Crown,General Operatory,11:15,46
A344,Patient 344,D47,Filling,General Operatory,13:50,47
A345,Patient 345,D35,Checkup/Cleaning,General Operatory,11:05,33
A346,Patient 346,D43,Checkup/Cleaning,General Operatory,13:05,44
A347,Patient 347,D11,Extraction,General Operatory,09:55,31
A348,Patient 348,D47,Crown,General Operatory,14:10,41
A349,Patient 349,D18,Extraction,General Operatory,10:30,21
A350,Patient 350,D26,Filling,General Operatory,09:55,30
A351,Patient 351,D39,Extraction,General Operatory,10:55,34
A352,Patient 352,D5,Checkup/Cleaning,General Operatory,12:35,50
A353,Patient 353,D25,Crown,General Operatory,10:45,31
A354,Patient 354,D44,Filling,General Operatory,12:40,43
A355,Patient 355,D49,Checkup/Cleaning,General Operatory,14:10,34
A356,Patient 356,D26,Checkup/Cleaning,General Operatory,09:55,38
A357,Patient 357,D2,Extraction,General Operatory,13:10,35
A358,Patient 358,D36,Checkup/Cleaning,General Operatory,11:35,54
A359,Patient 359,D14,X-ray/Imaging,Imaging Room,13:30,12
A360,Patient 360,D13,Checkup/Cleaning,General Operatory,09:35,57
A361,Patient 361,D12,Crown,General Operatory,09:30,44
A362,Patient 362,D43,Checkup/Cleaning,General Operatory,13:20,32
A363,Patient 363,D19,Crown,General Operatory,10:25,57
A364,Patient 364,D12,Root Canal,Endodontic Operatory,09:10,76
A365,Patient 365,D13,Root Canal,Endodontic Operatory,11:20,67
A366,Patient 366,D2,Filling,General Operatory,11:35,56
A367,Patient 367,D36,Checkup/Cleaning,General Operatory,09:45,58
A368,Patient 368,D20,Filling,General Operatory,13:00,50
A369,Patient 369,D50,Filling,General Operatory,10:50,56
A370,Patient 370,D21,Extraction,General Operatory,11:50,34
A371,Patient 371,D23,Checkup/Cleaning,General Operatory,11:35,56
A372,Patient 372,D41,Filling,General Operatory,12:50,28
A373,Patient 373,D4,Root Canal,Endodontic Operatory,09:25,76
A374,Patient 374,D11,Checkup/Cleaning,General Operatory,10:35,59
A375,Patient 375,D23,Crown,General Operatory,09:50,46
A376,Patient 376,D17,Checkup/Cleaning,General Operatory,12:50,60
A377,Patient 377,D9,Extraction,General Operatory,10:35,39
A378,Patient 378,D33,Extraction,General Operatory,13:50,38
A379,Patient 379,D11,Extraction,General Operatory,10:25,39
A380,Patient 380,D3,Root Canal,Endodontic Operatory,09:45,60
A381,Patient 381,D42,Root Canal,Endodontic Operatory,12:40,68
A382,Patient 382,D50,Filling,General Operatory,13:30,59
A383,Patient 383,D32,Crown,General Operatory,11:30,47
A384,Patient 384,D31,Checkup/Cleaning,General Operatory,14:00,55
A385,Patient 385,D20,Filling,General Operatory,10:15,23
A386,Patient 386,D27,Filling,General Operatory,10:30,33
A387,Patient 387,D10,Checkup/Cleaning,General Operatory,11:30,52
A388,Patient 388,D26,Checkup/Cleaning,General Operatory,13:15,41
A389,Patient 389,D7,Checkup/Cleaning,General Operatory,10:00,44
A390,Patient 390,D29,Checkup/Cleaning,General Operatory,09:30,33
A391,Patient 391,D25,Crown,General Operatory,09:20,43
A392,Patient 392,D21,Crown,General Operatory,11:20,53
A393,Patient 393,D49,Checkup/Cleaning,General Operatory,12:40,46
A394,Patient 394,D20,Filling,General Operatory,11:50,25
A395,Patient 395,D30,X-ray/Imaging,Imaging Room,11:05,11
A396,Patient 396,D4,Checkup/Cleaning,General Operatory,10:55,45
A397,Patient 397,D19,Filling,General Operatory,11:25,26
A398,Patient 398,D17,Extraction,General Operatory,11:20,32
A399,Patient 399,D26,Checkup/Cleaning,General Operatory,10:05,47
A400,Patient 400,D36,Checkup/Cleaning,General Operatory,13:10,42
A401,Patient 401,D49,Filling,General Operatory,14:10,59
A402,Patient 402,D8,Checkup/Cleaning,General Operatory,11:40,33
A403,Patient 403,D22,Filling,General Operatory,11:15,43
A404,Patient 404,D13,Extraction,General Operatory,10:35,32
A405,Patient 405,D3,Checkup/Cleaning,General Operatory,11:40,52
A406,Patient 406,D34,Filling,General Operatory,10:30,58
A407,Patient 407,D21,Crown,General Operatory,10:10,40
A408,Patient 408,D40,Extraction,General Operatory,14:10,29
A409,Patient 409,D33,Root Canal,Endodontic Operatory,12:35,77
A410,Patient 410,D20,Filling,General Operatory,11:40,21
A411,Patient 411,D44,Checkup/Cleaning,General Operatory,14:00,43
A412,Patient 412,D47,Crown,General Operatory,11:20,50
A413,Patient 413,D31,Checkup/Cleaning,General Operatory,15:40,50
A414,Patient 414,D37,Checkup/Cleaning,General Operatory,13:15,31
A415,Patient 415,D11,Filling,General Operatory,11:20,59
A416,Patient 416,D10,Root Canal,Endodontic Operatory,10:15,67
A417,Patient 417,D45,Checkup/Cleaning,General Operatory,11:35,30
A418,Patient 418,D27,Checkup/Cleaning,General Operatory,09:35,52
A419,Patient 419,D33,Root Canal,Endodontic Operatory,12:00,89
A420,Patient 420,D46,Checkup/Cleaning,General Operatory,13:05,36
A421,Patient 421,D43,Filling,General Operatory,11:25,44
A422,Patient 422,D30,Crown,General Operatory,10:50,40
A423,Patient 423,D44,Root Canal,Endodontic Operatory,13:35,83
A424,Patient 424,D40,Filling,General Operatory,12:50,35
A425,Patient 425,D20,Checkup/Cleaning,General Operatory,14:30,39
A426,Patient 426,D46,Checkup/Cleaning,General Operatory,11:30,52
A427,Patient 427,D31,Checkup/Cleaning,General Operatory,15:10,59
A428,Patient 428,D19,Checkup/Cleaning,General Operatory,13:00,51
A429,Patient 429,D26,Root Canal,Endodontic Operatory,13:40,90
A430,Patient 430,D19,Checkup/Cleaning,General Operatory,12:35,60
A431,Patient 431,D23,Crown,General Operatory,10:15,50
A432,Patient 432,D14,Checkup/Cleaning,General Operatory,11:45,47
A433,Patient 433,D45,Checkup/Cleaning,General Operatory,13:20,33
A434,Patient 434,D16,Checkup/Cleaning,General Operatory,13:50,51
A435,Patient 435,D41,Checkup/Cleaning,General Operatory,12:35,33
A436,Patient 436,D46,Filling,General Operatory,10:20,28
A437,Patient 437,D11,Filling,General Operatory,10:00,50
A438,Patient 438,D49,X-ray/Imaging,Imaging Room,12:25,12
A439,Patient 439,D50,Checkup/Cleaning,General Operatory,11:20,48
A440,Patient 440,D48,Extraction,General Operatory,10:15,21
A441,Patient 441,D12,Crown,General Operatory,11:40,31
A442,Patient 442,D32,Checkup/Cleaning,General Operatory,14:20,53
A443,Patient 443,D3,Checkup/Cleaning,General Operatory,12:45,48
A444,Patient 444,D22,Checkup/Cleaning,General Operatory,10:55,50
A445,Patient 445,D32,Crown,General Operatory,14:45,34
A446,Patient 446,D30,Checkup/Cleaning,General Operatory,09:30,55
A447,Patient 447,D11,Extraction,General Operatory,10:00,40
A448,Patient 448,D1,Extraction,General Operatory,10:50,29
A449,Patient 449,D12,Extraction,General Operatory,10:15,40
A450,Patient 450,D33,Checkup/Cleaning,General Operatory,13:45,42
A451,Patient 451,D12,X-ray/Imaging,Imaging Room,10:15,13
A452,Patient 452,D1,Checkup/Cleaning,General Operatory,10:10,37
A453,Patient 453,D22,Checkup/Cleaning,General Operatory,10:20,53
A454,Patient 454,D17,Extraction,General Operatory,09:55,27
A455,Patient 455,D30,Checkup/Cleaning,General Operatory,11:00,42
A456,Patient 456,D46,Root Canal,Endodontic Operatory,10:20,82
A457,Patient 457,D19,Filling,General Operatory,09:55,34
A458,Patient 458,D31,Checkup/Cleaning,General Operatory,13:55,53
A459,Patient 459,D27,Extraction,General Operatory,11:45,35
A460,Patient 460,D43,Root Canal,Endodontic Operatory,10:15,84
A461,Patient 461,D6,Filling,General Operatory,12:55,53
A462,Patient 462,D5,Crown,General Operatory,11:20,33
A463,Patient 463,D33,Checkup/Cleaning,General Operatory,10:55,47
A464,Patient 464,D21,Crown,General Operatory,10:00,44
A465,Patient 465,D46,Filling,General Operatory,13:20,25
A466,Patient 466,D4,Filling,General Operatory,10:15,52
A467,Patient 467,D37,Checkup/Cleaning,General Operatory,13:00,44
A468,Patient 468,D47,Checkup/Cleaning,General Operatory,15:10,38
A469,Patient 469,D48,Checkup/Cleaning,General Operatory,10:15,32
A470,Patient 470,D23,Extraction,General Operatory,09:15,37
A471,Patient 471,D31,Checkup/Cleaning,General Operatory,10:55,43
A472,Patient 472,D50,Extraction,General Operatory,12:35,40
A473,Patient 473,D25,Filling,General Operatory,09:55,44
A474,Patient 474,D44,X-ray/Imaging,Imaging Room,11:10,14
A475,Patient 475,D8,Checkup/Cleaning,General Operatory,11:45,47
A476,Patient 476,D9,Extraction,General Operatory,11:20,27
A477,Patient 477,D49,Checkup/Cleaning,General Operatory,12:50,39
A478,Patient 478,D28,Filling,General Operatory,09:40,34
A479,Patient 479,D23,Checkup/Cleaning,General Operatory,10:40,36
A480,Patient 480,D3,Root Canal,Endodontic Operatory,12:25,73
A481,Patient 481,D16,Checkup/Cleaning,General Operatory,13:45,33
A482,Patient 482,D29,Filling,General Operatory,09:15,23
A483,Patient 483,D26,Filling,General Operatory,09:45,54
A484,Patient 484,D9,Filling,General Operatory,09:45,38
A485,Patient 485,D21,Filling,General Operatory,10:05,40
A486,Patient 486,D10,X-ray/Imaging,Imaging Room,10:15,14
A487,Patient 487,D20,Checkup/Cleaning,General Operatory,12:50,47
A488,Patient 488,D41,Extraction,General Operatory,12:20,37
A489,Patient 489,D23,Crown,General Operatory,10:20,51
A490,Patient 490,D21,Extraction,General Operatory,10:05,33
A491,Patient 491,D25,Checkup/Cleaning,General Operatory,10:00,47
A492,Patient 492,D15,Checkup/Cleaning,General Operatory,09:35,52
A493,Patient 493,D4,Filling,General Operatory,11:00,46
A494,Patient 494,D9,Filling,General Operatory,09:30,36
A495,Patient 495,D42,Checkup/Cleaning,General Operatory,14:30,44
A496,Patient 496,D6,Filling,General Operatory,10:05,32
A497,Patient 497,D25,Extraction,General Operatory,09:15,39
A498,Patient 498,D13,Root Canal,Endodontic Operatory,10:45,78
A499,Patient 499,D14,Filling,General Operatory,11:15,41
A500,Patient 500,D14,Crown,General Operatory,12:40,60
A501,Patient 501,D48,X-ray/Imaging,Imaging Room,10:30,13
A502,Patient 502,D46,Checkup/Cleaning,General Operatory,10:20,59
A503,Patient 503,D21,Root Canal,Endodontic Operatory,11:35,72
A504,Patient 504,D42,Filling,General Operatory,11:45,36
A505,Patient 505,D32,Filling,General Operatory,14:20,50
A506,Patient 506,D14,Filling,General Operatory,10:20,46
A507,Patient 507,D15,Extraction,General Operatory,10:30,20
A508,Patient 508,D38,Filling,General Operatory,09:55,46
A509,Patient 509,D13,Checkup/Cleaning,General Operatory,10:45,42
A510,Patient 510,D32,Filling,General Operatory,11:45,41
A511,Patient 511,D47,Extraction,General Operatory,12:25,35
A512,Patient 512,D47,Root Canal,Endodontic Operatory,11:15,65
A513,Patient 513,D32,Checkup/Cleaning,General Operatory,12:35,58
A514,Patient 514,D34,Checkup/Cleaning,General Operatory,09:10,57
A515,Patient 515,D49,Checkup/Cleaning,General Operatory,15:55,34
A516,Patient 516,D15,Checkup/Cleaning,General Operatory,09:25,34
A517,Patient 517,D33,Filling,General Operatory,14:30,23
A518,Patient 518,D43,Crown,General Operatory,11:40,59
A519,Patient 519,D2,Checkup/Cleaning,General Operatory,11:10,47
A520,Patient 520,D2,Filling,General Operatory,13:00,37
A521,Patient 521,D2,Filling,General Operatory,14:15,47
A522,Patient 522,D7,Crown,General Operatory,10:00,46
A523,Patient 523,D13,Extraction,General Operatory,11:40,28
A524,Patient 524,D18,Root Canal,Endodontic Operatory,11:30,62
A525,Patient 525,D30,Filling,General Operatory,09:55,34
A526,Patient 526,D42,X-ray/Imaging,Imaging Room,14:30,15
A527,Patient 527,D6,Filling,General Operatory,13:10,44
A528,Patient 528,D4,Extraction,General Operatory,09:45,25
A529,Patient 529,D28,Extraction,General Operatory,10:40,30
A530,Patient 530,D34,Crown,General Operatory,09:45,37
A531,Patient 531,D31,Checkup/Cleaning,General Operatory,11:00,59
A532,Patient 532,D35,Filling,General Operatory,11:10,22
A533,Patient 533,D2,X-ray/Imaging,Imaging Room,10:15,14
A534,Patient 534,D5,Checkup/Cleaning,General Operatory,11:20,48
A535,Patient 535,D25,Extraction,General Operatory,10:15,37
A536,Patient 536,D49,Extraction,General Operatory,14:15,22
A537,Patient 537,D4,Checkup/Cleaning,General Operatory,11:15,37
A538,Patient 538,D22,Extraction,General Operatory,10:55,39
A539,Patient 539,D50,Checkup/Cleaning,General Operatory,12:40,50
A540,Patient 540,D32,Checkup/Cleaning,General Operatory,11:40,47
A541,Patient 541,D12,Extraction,General Operatory,09:50,32
A542,Patient 542,D19,Root Canal,Endodontic Operatory,09:45,82
A543,Patient 543,D18,Checkup/Cleaning,General Operatory,14:40,52
A544,Patient 544,D10,Extraction,General Operatory,11:25,30
A545,Patient 545,D6,Checkup/Cleaning,General Operatory,11:35,39
A546,Patient 546,D49,Checkup/Cleaning,General Operatory,10:55,34
A547,Patient 547,D28,Filling,General Operatory,10:45,55
A548,Patient 548,D7,Checkup/Cleaning,General Operatory,12:45,41
A549,Patient 549,D39,Filling,General Operatory,15:35,40
A550,Patient 550,D1,Checkup/Cleaning,General Operatory,11:15,42
A551,Patient 551,D47,Crown,General Operatory,11:20,58
A552,Patient 552,D34,Checkup/Cleaning,General Operatory,09:15,42
A553,Patient 553,D18,Checkup/Cleaning,General Operatory,09:50,45
A554,Patient 554,D11,Filling,General Operatory,10:15,46
A555,Patient 555,D5,Filling,General Operatory,14:25,35
A556,Patient 556,D32,Filling,General Operatory,11:20,32
A557,Patient 557,D9,Checkup/Cleaning,General Operatory,10:05,60
A558,Patient 558,D40,Filling,General Operatory,12:35,41
A559,Patient 559,D28,Root Canal,Endodontic Operatory,10:40,87
A560,Patient 560,D9,Checkup/Cleaning,General Operatory,10:35,49
A561,Patient 561,D31,Checkup/Cleaning,General Operatory,12:25,60
A562,Patient 562,D19,Extraction,General Operatory,11:50,40
A563,Patient 563,D16,Checkup/Cleaning,General Operatory,15:35,38
A564,Patient 564,D24,Checkup/Cleaning,General Operatory,10:20,48
A565,Patient 565,D35,Checkup/Cleaning,General Operatory,13:35,54
A566,Patient 566,D47,Filling,General Operatory,12:35,33
A567,Patient 567,D45,Checkup/Cleaning,General Operatory,14:25,57
A568,Patient 568,D44,Filling,General Operatory,12:20,60
A569,Patient 569,D17,Extraction,General Operatory,14:40,33
A570,Patient 570,D5,Filling,General Operatory,12:45,58
A571,Patient 571,D26,Filling,General Operatory,12:40,46
A572,Patient 572,D24,Extraction,General Operatory,13:25,37
A573,Patient 573,D6,Checkup/Cleaning,General Operatory,13:05,37
A574,Patient 574,D11,Extraction,General Operatory,11:05,21
A575,Patient 575,D49,Checkup/Cleaning,General Operatory,12:15,55
A576,Patient 576,D1,Checkup/Cleaning,General Operatory,11:05,37
A577,Patient 577,D36,Filling,General Operatory,10:10,56
A578,Patient 578,D24,Filling,General Operatory,13:05,57
A579,Patient 579,D10,Checkup/Cleaning,General Operatory,11:25,30
A580,Patient 580,D19,Filling,General Operatory,09:55,25
A581,Patient 581,D23,Checkup/Cleaning,General Operatory,11:20,44
A582,Patient 582,D34,Filling,General Operatory,09:35,50
A583,Patient 583,D47,Extraction,General Operatory,11:05,30
A584,Patient 584,D3,Root Canal,Endodontic Operatory,10:05,63
A585,Patient 585,D42,Checkup/Cleaning,General Operatory,10:00,55
A586,Patient 586,D34,Checkup/Cleaning,General Operatory,10:25,35
A587,Patient 587,D28,X-ray/Imaging,Imaging Room,11:55,11
A588,Patient 588,D41,Checkup/Cleaning,General Operatory,14:05,50
A589,Patient 589,D26,Checkup/Cleaning,General Operatory,10:10,49
A590,Patient 590,D38,Filling,General Operatory,10:55,20
A591,Patient 591,D14,Checkup/Cleaning,General Operatory,14:05,52
A592,Patient 592,D37,Checkup/Cleaning,General Operatory,12:45,57
A593,Patient 593,D24,Checkup/Cleaning,General Operatory,10:00,44
A594,Patient 594,D43,Crown,General Operatory,13:00,46
A595,Patient 595,D39,Filling,General Operatory,13:45,45
A596,Patient 596,D23,Filling,General Operatory,10:35,49
A597,Patient 597,D44,Extraction,General Operatory,14:25,29
A598,Patient 598,D6,Extraction,General Operatory,10:00,30
A599,Patient 599,D20,Checkup/Cleaning,General Operatory,12:50,41
A600,Patient 600,D33,Filling,General Operatory,11:20,58
A601,Patient 601,D25,Filling,General Operatory,10:55,51
A602,Patient 602,D45,Crown,General Operatory,10:20,59
A603,Patient 603,D11,Filling,General Operatory,09:30,28
A604,Patient 604,D29,Extraction,General Operatory,09:40,31
A605,Patient 605,D9,Checkup/Cleaning,General Operatory,11:00,42
A606,Patient 606,D42,Filling,General Operatory,11:40,51
A607,Patient 607,D32,Checkup/Cleaning,General Operatory,10:00,48
A608,Patient 608,D19,Checkup/Cleaning,General Operatory,13:00,37
A609,Patient 609,D11,Root Canal,Endodontic Operatory,10:40,78
A610,Patient 610,D36,Filling,General Operatory,10:00,56
A611,Patient 611,D50,Filling,General Operatory,13:40,43
A612,Patient 612,D49,Extraction,General Operatory,11:15,37
A613,Patient 613,D7,Extraction,General Operatory,14:25,40
A614,Patient 614,D20,Crown,General Operatory,11:35,31
A615,Patient 615,D23,Crown,General Operatory,10:00,32
A616,Patient 616,D50,Root Canal,Endodontic Operatory,15:25,66
A617,Patient 617,D45,Filling,General Operatory,13:00,59
A618,Patient 618,D11,Extraction,General Operatory,11:35,26
A619,Patient 619,D4,Filling,General Operatory,10:25,54
A620,Patient 620,D35,Checkup/Cleaning,General Operatory,12:25,52
A621,Patient 621,D37,Checkup/Cleaning,General Operatory,12:40,57
A622,Patient 622,D9,X-ray/Imaging,Imaging Room,09:30,13
A623,Patient 623,D42,Checkup/Cleaning,General Operatory,10:00,57
A624,Patient 624,D10,Extraction,General Operatory,14:45,27
A625,Patient 625,D32,Checkup/Cleaning,General Operatory,11:50,50
A626,Patient 626,D27,Filling,General Operatory,10:45,24
A627,Patient 627,D26,Filling,General Operatory,13:05,37
A628,Patient 628,D30,X-ray/Imaging,Imaging Room,10:45,12
A629,Patient 629,D50,Root Canal,Endodontic Operatory,14:00,62
A630,Patient 630,D41,Extraction,General Operatory,15:20,31
A631,Patient 631,D35,Filling,General Operatory,15:15,47
A632,Patient 632,D32,Checkup/Cleaning,General Operatory,11:30,56
A633,Patient 633,D36,Filling,General Operatory,14:30,56
A634,Patient 634,D22,Crown,General Operatory,09:10,54
A635,Patient 635,D7,Extraction,General Operatory,09:55,34
A636,Patient 636,D11,Filling,General Operatory,10:10,20
A637,Patient 637,D45,Crown,General Operatory,12:50,58
A638,Patient 638,D11,Crown,General Operatory,09:50,58
A639,Patient 639,D42,Filling,General Operatory,11:30,25
A640,Patient 640,D4,Filling,General Operatory,10:45,39
A641,Patient 641,D28,Extraction,General Operatory,09:25,23
A642,Patient 642,D31,Checkup/Cleaning,General Operatory,11:15,48
A643,Patient 643,D44,Filling,General Operatory,14:15,20
A644,Patient 644,D8,X-ray/Imaging,Imaging Room,13:05,13
A645,Patient 645,D31,Checkup/Cleaning,General Operatory,10:50,42
A646,Patient 646,D7,Checkup/Cleaning,General Operatory,11:15,58
A647,Patient 647,D25,Root Canal,Endodontic Operatory,10:45,84
A648,Patient 648,D42,X-ray/Imaging,Imaging Room,10:25,11
A649,Patient 649,D37,Checkup/Cleaning,General Operatory,10:10,50
A650,Patient 650,D23,Extraction,General Operatory,10:40,40
A651,Patient 651,D27,Extraction,General Operatory,11:25,34
A652,Patient 652,D6,Crown,General Operatory,14:20,34
A653,Patient 653,D38,Extraction,General Operatory,10:15,31
A654,Patient 654,D9,Checkup/Cleaning,General Operatory,09:25,50
A655,Patient 655,D36,Extraction,General Operatory,11:15,39
A656,Patient 656,D43,Crown,General Operatory,13:20,36
A657,Patient 657,D33,Checkup/Cleaning,General Operatory,12:15,42
A658,Patient 658,D16,Filling,General Operatory,11:20,27
A659,Patient 659,D41,Filling,General Operatory,11:05,53
A660,Patient 660,D21,Checkup/Cleaning,General Operatory,14:35,57
A661,Patient 661,D27,Filling,General Operatory,11:45,31
A662,Patient 662,D50,Checkup/Cleaning,General Operatory,10:45,48
A663,Patient 663,D17,Checkup/Cleaning,General Operatory,10:10,59
A664,Patient 664,D33,Checkup/Cleaning,General Operatory,14:00,52
A665,Patient 665,D28,Extraction,General Operatory,11:15,22
A666,Patient 666,D35,Extraction,General Operatory,11:05,28
A667,Patient 667,D6,Filling,General Operatory,14:25,33
A668,Patient 668,D35,Checkup/Cleaning,General Operatory,13:40,48
A669,Patient 669,D20,Extraction,General Operatory,10:00,27
A670,Patient 670,D6,Crown,General Operatory,11:55,33
A671,Patient 671,D39,Checkup/Cleaning,General Operatory,13:45,51
A672,Patient 672,D8,Checkup/Cleaning,General Operatory,12:45,34
A673,Patient 673,D11,Filling,General Operatory,11:00,42
A674,Patient 674,D47,Checkup/Cleaning,General Operatory,11:00,41
A675,Patient 675,D47,Crown,General Operatory,11:05,54
A676,Patient 676,D28,Checkup/Cleaning,General Operatory,10:30,32
A677,Patient 677,D41,Checkup/Cleaning,General Operatory,14:00,44
A678,Patient 678,D4,Filling,General Operatory,09:30,56
A679,Patient 679,D11,Checkup/Cleaning,General Operatory,10:40,33
A680,Patient 680,D15,Extraction,General Operatory,09:15,20
A681,Patient 681,D16,Checkup/Cleaning,General Operatory,12:20,41
A682,Patient 682,D12,Crown,General Operatory,09:40,57
A683,Patient 683,D46,Extraction,General Operatory,10:05,33
A684,Patient 684,D16,Filling,General Operatory,12:20,40
A685,Patient 685,D37,Filling,General Operatory,12:40,52
A686,Patient 686,D12,Checkup/Cleaning,General Operatory,09:35,46
A687,Patient 687,D5,Crown,General Operatory,12:25,57
A688,Patient 688,D21,Checkup/Cleaning,General Operatory,10:10,44
A689,Patient 689,D13,Checkup/Cleaning,General Operatory,10:25,55
A690,Patient 690,D16,Filling,General Operatory,12:20,57
A691,Patient 691,D47,Crown,General Operatory,15:15,54
A692,Patient 692,D10,Checkup/Cleaning,General Operatory,10:00,43
A693,Patient 693,D35,Checkup/Cleaning,General Operatory,13:35,56
A694,Patient 694,D22,Checkup/Cleaning,General Operatory,10:05,51
A695,Patient 695,D7,Checkup/Cleaning,General Operatory,11:45,37
A696,Patient 696,D4,X-ray/Imaging,Imaging Room,11:00,11
A697,Patient 697,D6,Checkup/Cleaning,General Operatory,14:45,37
A698,Patient 698,D27,Extraction,General Operatory,10:00,31
A699,Patient 699,D38,Checkup/Cleaning,General Operatory,11:00,34
A700,Patient 700,D5,Filling,General Operatory,12:25,23
A701,Patient 701,D16,Checkup/Cleaning,General Operatory,12:35,57
A702,Patient 702,D45,Root Canal,Endodontic Operatory,11:30,70
A703,Patient 703,D18,Checkup/Cleaning,General Operatory,09:50,60
A704,Patient 704,D50,Root Canal,Endodontic Operatory,10:50,63
A705,Patient 705,D11,Filling,General Operatory,09:55,40
A706,Patient 706,D35,Filling,General Operatory,12:35,33
A707,Patient 707,D30,Checkup/Cleaning,General Operatory,09:20,33
A708,Patient 708,D44,Checkup/Cleaning,General Operatory,14:15,52
A709,Patient 709,D3,Checkup/Cleaning,General Operatory,11:15,57
A710,Patient 710,D6,Extraction,General Operatory,11:50,31
A711,Patient 711,D4,Extraction,General Operatory,11:30,28
A712,Patient 712,D2,X-ray/Imaging,Imaging Room,13:30,13
A713,Patient 713,D16,Checkup/Cleaning,General Operatory,15:25,33
A714,Patient 714,D8,Checkup/Cleaning,General Operatory,14:10,56
A715,Patient 715,D9,Checkup/Cleaning,General Operatory,10:30,42
A716,Patient 716,D42,Checkup/Cleaning,General Operatory,11:15,48
A717,Patient 717,D2,X-ray/Imaging,Imaging Room,13:25,11
A718,Patient 718,D9,Checkup/Cleaning,General Operatory,11:20,57
A719,Patient 719,D8,Checkup/Cleaning,General Operatory,09:55,44
A720,Patient 720,D37,Filling,General Operatory,11:15,45
A721,Patient 721,D25,Extraction,General Operatory,10:10,25
A722,Patient 722,D12,Checkup/Cleaning,General Operatory,09:10,44
A723,Patient 723,D40,Extraction,General Operatory,14:05,27
A724,Patient 724,D32,Filling,General Operatory,11:10,55
A725,Patient 725,D6,Checkup/Cleaning,General Operatory,11:30,34
A726,Patient 726,D42,Crown,General Operatory,10:25,46
A727,Patient 727,D35,Root Canal,Endodontic Operatory,15:10,72
A728,Patient 728,D31,Filling,General Operatory,12:45,51
A729,Patient 729,D33,Checkup/Cleaning,General Operatory,10:45,38
A730,Patient 730,D21,Filling,General Operatory,14:40,21
A731,Patient 731,D4,Root Canal,Endodontic Operatory,10:30,75
A732,Patient 732,D50,Filling,General Operatory,10:50,34
A733,Patient 733,D16,Extraction,General Operatory,13:50,28
A734,Patient 734,D49,X-ray/Imaging,Imaging Room,14:20,11
A735,Patient 735,D23,Crown,General Operatory,09:20,57
A736,Patient 736,D16,Filling,General Operatory,13:40,42
A737,Patient 737,D46,Extraction,General Operatory,12:50,38
A738,Patient 738,D37,Crown,General Operatory,14:30,56
A739,Patient 739,D35,Checkup/Cleaning,General Operatory,10:50,45
A740,Patient 740,D4,Checkup/Cleaning,General Operatory,09:45,37
A741,Patient 741,D31,Checkup/Cleaning,General Operatory,13:45,59
A742,Patient 742,D9,Checkup/Cleaning,General Operatory,11:35,35
A743,Patient 743,D4,Checkup/Cleaning,General Operatory,10:35,48
A744,Patient 744,D50,Checkup/Cleaning,General Operatory,15:30,46
A745,Patient 745,D5,Filling,General Operatory,13:45,45
A746,Patient 746,D22,Checkup/Cleaning,General Operatory,09:35,34
A747,Patient 747,D41,X-ray/Imaging,Imaging Room,12:35,15
A748,Patient 748,D46,X-ray/Imaging,Imaging Room,13:15,15
A749,Patient 749,D15,Extraction,General Operatory,10:15,25
A750,Patient 750,D47,Extraction,General Operatory,10:50,24
