doctor_id,name,specialty,working_hours_start,working_hours_end
D1,Doctor 1,General Dentist,09:00,13:00
D2,Doctor 2,General Dentist,09:00,17:00
D3,Doctor 3,General Dentist,09:00,17:00
D4,Doctor 4,General Dentist,09:00,13:00
D5,Doctor 5,General Dentist,10:00,18:00
D6,Doctor 6,General Dentist,09:00,17:00
D7,Doctor 7,General Dentist,09:00,17:00
D8,Doctor 8,General Dentist,09:00,17:00
D9,Doctor 9,General Dentist,09:00,13:00
D10,Doctor 10,General Dentist,09:00,17:00
D11,Doctor 11,General Dentist,09:00,13:00
D12,Doctor 12,General Dentist,09:00,13:00
D13,Doctor 13,General Dentist,09:00,13:00
D14,Doctor 14,General Dentist,09:00,17:00
D15,Doctor 15,General Dentist,09:00,13:00
D16,Doctor 16,General Dentist,10:00,18:00
D17,Doctor 17,General Dentist,09:00,17:00
D18,Doctor 18,General Dentist,09:00,17:00
D19,Doctor 19,General Dentist,09:00,17:00
D20,Doctor 20,General Dentist,09:00,17:00
D21,Doctor 21,General Dentist,09:00,17:00
D22,Doctor 22,General Dentist,09:00,13:00
D23,Doctor 23,General Dentist,09:00,13:00
D24,Doctor 24,General Dentist,09:00,17:00
D25,Doctor 25,General Dentist,09:00,13:00
D26,Doctor 26,General Dentist,09:00,17:00
D27,Doctor 27,General Dentist,09:00,13:00
D28,Doctor 28,General Dentist,09:00,13:00
D29,Doctor 29,General Dentist,09:00,13:00
D30,Doctor 30,General Dentist,09:00,13:00
D31,Doctor 31,General Dentist,10:00,18:00
D32,Doctor 32,General Dentist,09:00,17:00
D33,Doctor 33,General Dentist,10:00,18:00
D34,Doctor 34,General Dentist,09:00,13:00
D35,Doctor 35,General Dentist,10:00,18:00
D36,Doctor 36,General Dentist,09:00,17:00
D37,Doctor 37,General Dentist,09:00,17:00
D38,Doctor 38,General Dentist,09:00,13:00
D39,Doctor 39,General Dentist,10:00,18:00
D40,Doctor 40,General Dentist,10:00,18:00
D41,Doctor 41,General Dentist,10:00,18:00
D42,Doctor 42,General Dentist,09:00,17:00
D43,Doctor 43,General Dentist,09:00,17:00
D44,Doctor 44,General Dentist,10:00,18:00
D45,Doctor 45,General Dentist,09:00,17:00
D46,Doctor 46,General Dentist,09:00,17:00
D47,Doctor 47,General Dentist,10:00,18:00
D48,Doctor 48,General Dentist,09:00,17:00
D49,Doctor 49,General Dentist,10:00,18:00
D50,Doctor 50,General Dentist,10:00,18:00
D51,Doctor 51,General Dentist,09:00,13:00
D52,Doctor 52,General Dentist,10:00,18:00
D53,Doctor 53,General Dentist,09:00,17:00
D54,Doctor 54,General Dentist,09:00,13:00
D55,Doctor 55,General Dentist,10:00,18:00
D56,Doctor 56,General Dentist,09:00,13:00
D57,Doctor 57,General Dentist,09:00,17:00
D58,Doctor 58,General Dentist,10:00,18:00
D59,Doctor 59,General Dentist,09:00,17:00
D60,Doctor 60,General Dentist,09:00,13:00
D61,Doctor 61,General Dentist,10:00,18:00
D62,Doctor 62,General Dentist,09:00,13:00
D63,Doctor 63,General Dentist,09:00,13:00
D64,Doctor 64,General Dentist,10:00,18:00
D65,Doctor 65,General Dentist,09:00,13:00
D66,Doctor 66,General Dentist,09:00,17:00
D67,Doctor 67,General Dentist,09:00,13:00
D68,Doctor 68,General Dentist,09:00,17:00
D69,Doctor 69,General Dentist,09:00,17:00
D70,Doctor 70,General Dentist,09:00,13:00
D71,Doctor 71,General Dentist,09:00,17:00
D72,Doctor 72,General Dentist,10:00,18:00
D73,Doctor 73,General Dentist,09:00,17:00
D74,Doctor 74,General Dentist,09:00,17:00
D75,Doctor 75,General Dentist,09:00,17:00
D76,Doctor 76,General Dentist,10:00,18:00
D77,Doctor 77,General Dentist,10:00,18:00
D78,Doctor 78,General Dentist,10:00,18:00
D79,Doctor 79,General Dentist,09:00,13:00
D80,Doctor 80,General Dentist,10:00,18:00
D81,Doctor 81,General Dentist,09:00,17:00
D82,Doctor 82,General Dentist,10:00,18:00
D83,Doctor 83,General Dentist,10:00,18:00
D84,Doctor 84,General Dentist,09:00,17:00
D85,Doctor 85,General Dentist,09:00,13:00
D86,Doctor 86,General Dentist,10:00,18:00
D87,Doctor 87,General Dentist,09:00,13:00
D88,Doctor 88,General Dentist,09:00,13:00
D89,Doctor 89,General Dentist,09:00,13:00
D90,Doctor 90,General Dentist,09:00,17:00
D91,Doctor 91,General Dentist,09:00,13:00
D92,Doctor 92,General Dentist,09:00,13:00
D93,Doctor 93,General Dentist,09:00,17:00
D94,Doctor 94,General Dentist,09:00,13:00
D95,Doctor 95,General Dentist,09:00,13:00
D96,Doctor 96,General Dentist,09:00,17:00
D97,Doctor 97,General Dentist,09:00,17:00
D98,Doctor 98,General Dentist,10:00,18:00
D99,Doctor 99,General Dentist,10:00,18:00
D100,Doctor 100,General Dentist,10:00,18:00
D101,Doctor 101,General Dentist,09:00,13:00
D102,Doctor 102,General Dentist,09:00,13:00
D103,Doctor 103,General Dentist,09:00,13:00
D104,Doctor 104,General Dentist,09:00,17:00
D105,Doctor 105,General Dentist,09:00,13:00
D106,Doctor 106,General Dentist,10:00,18:00
D107,Doctor 107,General Dentist,09:00,17:00
D108,Doctor 108,General Dentist,09:00,17:00
D109,Doctor 109,General Dentist,09:00,17:00
D110,Doctor 110,General Dentist,10:00,18:00
D111,Doctor 111,General Dentist,10:00,18:00
D112,Doctor 112,General Dentist,10:00,18:00
D113,Doctor 113,General Dentist,09:00,17:00
D114,Doctor 114,General Dentist,09:00,17:00
D115,Doctor 115,General Dentist,09:00,13:00
D116,Doctor 116,General Dentist,09:00,13:00
D117,Doctor 117,General Dentist,10:00,18:00
D118,Doctor 118,General Dentist,09:00,17:00
D119,Doctor 119,General Dentist,09:00,13:00
D120,Doctor 120,General Dentist,10:00,18:00
D121,Doctor 121,General Dentist,10:00,18:00
D122,Doctor 122,General Dentist,09:00,13:00
D123,Doctor 123,General Dentist,10:00,18:00
D124,Doctor 124,General Dentist,09:00,17:00
D125,Doctor 125,General Dentist,10:00,18:00
D126,Doctor 126,General Dentist,09:00,17:00
D127,Doctor 127,General Dentist,09:00,17:00
D128,Doctor 128,General Dentist,09:00,13:00
D129,Doctor 129,General Dentist,09:00,13:00
D130,Doctor 130,General Dentist,09:00,13:00
D131,Doctor 131,General Dentist,10:00,18:00
D132,Doctor 132,General Dentist,09:00,13:00
D133,Doctor 133,General Dentist,09:00,13:00
D134,Doctor 134,General Dentist,10:00,18:00
D135,Doctor 135,General Dentist,09:00,13:00
D136,Doctor 136,General Dentist,10:00,18:00
D137,Doctor 137,General Dentist,10:00,18:00
D138,Doctor 138,General Dentist,09:00,17:00
D139,Doctor 139,General Dentist,09:00,17:00
D140,Doctor 140,General Dentist,09:00,13:00
D141,Doctor 141,General Dentist,10:00,18:00
D142,Doctor 142,General Dentist,09:00,17:00
D143,Doctor 143,General Dentist,09:00,17:00
D144,Doctor 144,General Dentist,09:00,17:00
D145,Doctor 145,General Dentist,09:00,17:00
D146,Doctor 146,General Dentist,09:00,13:00
D147,Doctor 147,General Dentist,09:00,17:00
D148,Doctor 148,General Dentist,09:00,13:00
D149,Doctor 149,General Dentist,10:00,18:00
D150,Doctor 150,General Dentist,09:00,13:00
D151,Doctor 151,General Dentist,09:00,17:00
D152,Doctor 152,General Dentist,10:00,18:00
D153,Doctor 153,General Dentist,10:00,18:00
D154,Doctor 154,General Dentist,09:00,13:00
D155,Doctor 155,General Dentist,10:00,18:00
D156,Doctor 156,General Dentist,09:00,13:00
D157,Doctor 157,General Dentist,10:00,18:00
D158,Doctor 158,General Dentist,09:00,13:00
D159,Doctor 159,General Dentist,09:00,17:00
D160,Doctor 160,General Dentist,09:00,13:00
D161,Doctor 161,General Dentist,09:00,13:00
D162,Doctor 162,General Dentist,09:00,17:00
D163,Doctor 163,General Dentist,09:00,13:00
D164,Doctor 164,General Dentist,09:00,13:00
D165,Doctor 165,General Dentist,10:00,18:00
D166,Doctor 166,General Dentist,09:00,13:00
D167,Doctor 167,General Dentist,10:00,18:00
D168,Doctor 168,General Dentist,09:00,17:00
D169,Doctor 169,General Dentist,10:00,18:00
D170,Doctor 170,General Dentist,10:00,18:00
D171,Doctor 171,General Dentist,09:00,17:00
D172,Doctor 172,General Dentist,10:00,18:00
D173,Doctor 173,General Dentist,09:00,17:00
D174,Doctor 174,General Dentist,09:00,13:00
D175,Doctor 175,General Dentist,09:00,13:00
D176,Doctor 176,General Dentist,10:00,18:00
D177,Doctor 177,General Dentist,09:00,13:00
D178,Doctor 178,General Dentist,09:00,17:00
D179,Doctor 179,General Dentist,09:00,13:00
D180,Doctor 180,General Dentist,09:00,17:00
D181,Doctor 181,General Dentist,09:00,13:00
D182,Doctor 182,General Dentist,10:00,18:00
D183,Doctor 183,General Dentist,09:00,13:00
D184,Doctor 184,General Dentist,09:00,13:00
D185,Doctor 185,General Dentist,09:00,13:00
D186,Doctor 186,General Dentist,09:00,17:00
D187,Doctor 187,General Dentist,09:00,17:00
D188,Doctor 188,General Dentist,10:00,18:00
D189,Doctor 189,General Dentist,09:00,17:00
D190,Doctor 190,General Dentist,09:00,13:00
D191,Doctor 191,General Dentist,09:00,13:00
D192,Doctor 192,General Dentist,09:00,17:00
D193,Doctor 193,General Dentist,09:00,13:00
D194,Doctor 194,General Dentist,10:00,18:00
D195,Doctor 195,General Dentist,10:00,18:00
D196,Doctor 196,General Dentist,09:00,17:00
D197,Doctor 197,General Dentist,09:00,17:00
D198,Doctor 198,General Dentist,10:00,18:00
D199,Doctor 199,General Dentist,10:00,18:00
D200,Doctor 200,General Dentist,09:00,17:00
D201,Doctor 201,General Dentist,09:00,17:00
D202,Doctor 202,General Dentist,09:00,17:00
D203,Doctor 203,General Dentist,09:00,13:00
D204,Doctor 204,General Dentist,09:00,17:00
D205,Doctor 205,General Dentist,09:00,17:00
D206,Doctor 206,General Dentist,09:00,13:00
D207,Doctor 207,General Dentist,10:00,18:00
D208,Doctor 208,General Dentist,09:00,17:00
D209,Doctor 209,General Dentist,09:00,13:00
D210,Doctor 210,General Dentist,09:00,17:00
D211,Doctor 211,General Dentist,09:00,17:00
D212,Doctor 212,General Dentist,09:00,13:00
D213,Doctor 213,General Dentist,10:00,18:00
D214,Doctor 214,General Dentist,09:00,13:00
D215,Doctor 215,General Dentist,09:00,17:00
D216,Doctor 216,General Dentist,10:00,18:00
D217,Doctor 217,General Dentist,09:00,13:00
D218,Doctor 218,General Dentist,09:00,13:00
D219,Doctor 219,General Dentist,10:00,18:00
D220,Doctor 220,General Dentist,09:00,17:00
D221,Doctor 221,General Dentist,09:00,13:00
D222,Doctor 222,General Dentist,09:00,13:00
D223,Doctor 223,General Dentist,09:00,13:00
D224,Doctor 224,General Dentist,09:00,17:00
D225,Doctor 225,General Dentist,09:00,13:00
D226,Doctor 226,General Dentist,10:00,18:00
D227,Doctor 227,General Dentist,10:00,18:00
D228,Doctor 228,General Dentist,09:00,13:00
D229,Doctor 229,General Dentist,09:00,13:00
D230,Doctor 230,General Dentist,10:00,18:00
D231,Doctor 231,General Dentist,10:00,18:00
D232,Doctor 232,General Dentist,09:00,13:00
D233,Doctor 233,General Dentist,10:00,18:00
D234,Doctor 234,General Dentist,09:00,17:00
D235,Doctor 235,General Dentist,09:00,17:00
D236,Doctor 236,General Dentist,09:00,17:00
D237,Doctor 237,General Dentist,09:00,17:00
D238,Doctor 238,General Dentist,10:00,18:00
D239,Doctor 239,General Dentist,09:00,17:00
D240,Doctor 240,General Dentist,09:00,13:00
D241,Doctor 241,General Dentist,09:00,13:00
D242,Doctor 242,General Dentist,09:00,17:00
D243,Doctor 243,General Dentist,09:00,13:00
D244,Doctor 244,General Dentist,09:00,17:00
D245,Doctor 245,General Dentist,09:00,17:00
D246,Doctor 246,General Dentist,09:00,17:00
D247,Doctor 247,General Dentist,09:00,13:00
D248,Doctor 248,General Dentist,09:00,13:00
D249,Doctor 249,General Dentist,09:00,17:00
D250,Doctor 250,General Dentist,09:00,17:00
D251,Doctor 251,General Dentist,09:00,17:00
D252,Doctor 252,General Dentist,09:00,17:00
D253,Doctor 253,General Dentist,10:00,18:00
D254,Doctor 254,General Dentist,09:00,17:00
D255,Doctor 255,General Dentist,09:00,13:00
D256,Doctor 256,General Dentist,09:00,17:00
D257,Doctor 257,General Dentist,10:00,18:00
D258,Doctor 258,General Dentist,09:00,13:00
D259,Doctor 259,General Dentist,10:00,18:00
D260,Doctor 260,General Dentist,09:00,17:00
D261,Doctor 261,General Dentist,09:00,13:00
D262,Doctor 262,General Dentist,09:00,17:00
D263,Doctor 263,General Dentist,09:00,13:00
D264,Doctor 264,General Dentist,09:00,13:00
D265,Doctor 265,General Dentist,09:00,13:00
D266,Doctor 266,General Dentist,10:00,18:00
D267,Doctor 267,General Dentist,09:00,17:00
D268,Doctor 268,General Dentist,10:00,18:00
D269,Doctor 269,General Dentist,10:00,18:00
D270,Doctor 270,General Dentist,09:00,17:00
D271,Doctor 271,General Dentist,09:00,17:00
D272,Doctor 272,General Dentist,09:00,17:00
D273,Doctor 273,General Dentist,09:00,13:00
D274,Doctor 274,General Dentist,10:00,18:00
D275,Doctor 275,General Dentist,10:00,18:00
D276,Doctor 276,General Dentist,10:00,18:00
D277,Doctor 277,General Dentist,10:00,18:00
D278,Doctor 278,General Dentist,10:00,18:00
D279,Doctor 279,General Dentist,09:00,13:00
D280,Doctor 280,General Dentist,09:00,17:00
D281,Doctor 281,General Dentist,09:00,13:00
D282,Doctor 282,General Dentist,09:00,13:00
D283,Doctor 283,General Dentist,09:00,13:00
D284,Doctor 284,General Dentist,09:00,17:00
D285,Doctor 285,General Dentist,09:00,17:00
D286,Doctor 286,General Dentist,10:00,18:00
D287,Doctor 287,General Dentist,09:00,13:00
D288,Doctor 288,General Dentist,10:00,18:00
D289,Doctor 289,General Dentist,09:00,17:00
D290,Doctor 290,General Dentist,09:00,17:00
D291,Doctor 291,General Dentist,09:00,17:00
D292,Doctor 292,General Dentist,09:00,17:00
D293,Doctor 293,General Dentist,09:00,13:00
D294,Doctor 294,General Dentist,10:00,18:00
D295,Doctor 295,General Dentist,09:00,17:00
D296,Doctor 296,General Dentist,10:00,18:00
D297,Doctor 297,General Dentist,09:00,17:00
D298,Doctor 298,General Dentist,10:00,18:00
D299,Doctor 299,General Dentist,10:00,18:00
D300,Doctor 300,General Dentist,09:00,17:00
D301,Doctor 301,General Dentist,09:00,17:00
D302,Doctor 302,General Dentist,10:00,18:00
D303,Doctor 303,General Dentist,09:00,13:00
D304,Doctor 304,General Dentist,09:00,17:00
D305,Doctor 305,General Dentist,09:00,17:00
D306,Doctor 306,General Dentist,09:00,13:00
D307,Doctor 307,General Dentist,09:00,13:00
D308,Doctor 308,General Dentist,09:00,17:00
D309,Doctor 309,General Dentist,09:00,17:00
D310,Doctor 310,General Dentist,09:00,17:00
D311,Doctor 311,General Dentist,09:00,17:00
D312,Doctor 312,General Dentist,10:00,18:00
D313,Doctor 313,General Dentist,10:00,18:00
D314,Doctor 314,General Dentist,10:00,18:00
D315,Doctor 315,General Dentist,09:00,17:00
D316,Doctor 316,General Dentist,10:00,18:00
D317,Doctor 317,General Dentist,09:00,17:00
D318,Doctor 318,General Dentist,09:00,17:00
D319,Doctor 319,General Dentist,10:00,18:00
D320,Doctor 320,General Dentist,09:00,17:00
D321,Doctor 321,General Dentist,10:00,18:00
D322,Doctor 322,General Dentist,10:00,18:00
D323,Doctor 323,General Dentist,10:00,18:00
D324,Doctor 324,General Dentist,10:00,18:00
D325,Doctor 325,General Dentist,10:00,18:00
D326,Doctor 326,General Dentist,09:00,13:00
D327,Doctor 327,General Dentist,09:00,13:00
D328,Doctor 328,General Dentist,09:00,13:00
D329,Doctor 329,General Dentist,09:00,13:00
D330,Doctor 330,General Dentist,09:00,13:00
D331,Doctor 331,General Dentist,10:00,18:00
D332,Doctor 332,General Dentist,09:00,17:00
D333,Doctor 333,General Dentist,09:00,17:00
D334,Doctor 334,General Dentist,10:00,18:00
D335,Doctor 335,General Dentist,09:00,17:00
D336,Doctor 336,General Dentist,09:00,17:00
D337,Doctor 337,General Dentist,09:00,13:00
D338,Doctor 338,General Dentist,09:00,13:00
D339,Doctor 339,General Dentist,09:00,13:00
D340,Doctor 340,General Dentist,09:00,17:00
D341,Doctor 341,General Dentist,09:00,13:00
D342,Doctor 342,General Dentist,10:00,18:00
D343,Doctor 343,General Dentist,09:00,17:00
D344,Doctor 344,General Dentist,09:00,17:00
D345,Doctor 345,General Dentist,09:00,13:00
D346,Doctor 346,General Dentist,10:00,18:00
D347,Doctor 347,General Dentist,09:00,13:00
D348,Doctor 348,General Dentist,09:00,13:00
D349,Doctor 349,General Dentist,09:00,17:00
D350,Doctor 350,General Dentist,09:00,17:00
D351,Doctor 351,General Dentist,09:00,13:00
D352,Doctor 352,General Dentist,09:00,17:00
D353,Doctor 353,General Dentist,09:00,17:00
D354,Doctor 354,General Dentist,09:00,17:00
D355,Doctor 355,General Dentist,09:00,13:00
D356,Doctor 356,General Dentist,09:00,17:00
D357,Doctor 357,General Dentist,09:00,13:00
D358,Doctor 358,General Dentist,09:00,17:00
D359,Doctor 359,General Dentist,10:00,18:00
D360,Doctor 360,General Dentist,09:00,17:00
D361,Doctor 361,General Dentist,09:00,13:00
D362,Doctor 362,General Dentist,09:00,17:00
D363,Doctor 363,General Dentist,09:00,13:00
D364,Doctor 364,General Dentist,09:00,13:00
D365,Doctor 365,General Dentist,09:00,17:00
D366,Doctor 366,General Dentist,09:00,13:00
D367,Doctor 367,General Dentist,09:00,17:00
D368,Doctor 368,General Dentist,10:00,18:00
D369,Doctor 369,General Dentist,09:00,13:00
D370,Doctor 370,General Dentist,09:00,13:00
D371,Doctor 371,General Dentist,09:00,13:00
D372,Doctor 372,General Dentist,09:00,13:00
D373,Doctor 373,General Dentist,10:00,18:00
D374,Doctor 374,General Dentist,10:00,18:00
D375,Doctor 375,General Dentist,09:00,17:00
D376,Doctor 376,General Dentist,09:00,13:00
D377,Doctor 377,General Dentist,09:00,13:00
D378,Doctor 378,General Dentist,10:00,18:00
D379,Doctor 379,General Dentist,09:00,17:00
D380,Doctor 380,General Dentist,10:00,18:00
D381,Doctor 381,General Dentist,10:00,18:00
D382,Doctor 382,General Dentist,09:00,17:00
D383,Doctor 383,General Dentist,09:00,13:00
D384,Doctor 384,General Dentist,09:00,13:00
D385,Doctor 385,General Dentist,10:00,18:00
D386,Doctor 386,General Dentist,10:00,18:00
D387,Doctor 387,General Dentist,10:00,18:00
D388,Doctor 388,General Dentist,09:00,17:00
D389,Doctor 389,General Dentist,09:00,17:00
D390,Doctor 390,General Dentist,10:00,18:00
D391,Doctor 391,General Dentist,09:00,13:00
D392,Doctor 392,General Dentist,09:00,13:00
D393,Doctor 393,General Dentist,09:00,17:00
D394,Doctor 394,General Dentist,09:00,17:00
D395,Doctor 395,General Dentist,09:00,13:00
D396,Doctor 396,General Dentist,09:00,17:00
D397,Doctor 397,General Dentist,09:00,13:00
D398,Doctor 398,General Dentist,10:00,18:00
D399,Doctor 399,General Dentist,09:00,17:00
D400,Doctor 400,General Dentist,10:00,18:00
D401,Doctor 401,General Dentist,09:00,17:00
D402,Doctor 402,General Dentist,09:00,17:00
D403,Doctor 403,General Dentist,10:00,18:00
D404,Doctor 404,General Dentist,10:00,18:00
D405,Doctor 405,General Dentist,09:00,17:00
D406,Doctor 406,General Dentist,10:00,18:00
D407,Doctor 407,General Dentist,09:00,13:00
D408,Doctor 408,General Dentist,09:00,13:00
D409,Doctor 409,General Dentist,10:00,18:00
D410,Doctor 410,General Dentist,09:00,13:00
D411,Doctor 411,General Dentist,09:00,13:00
D412,Doctor 412,General Dentist,09:00,13:00
D413,Doctor 413,General Dentist,09:00,17:00
D414,Doctor 414,General Dentist,09:00,13:00
D415,Doctor 415,General Dentist,09:00,13:00
D416,Doctor 416,General Dentist,10:00,18:00
D417,Doctor 417,General Dentist,09:00,13:00
D418,Doctor 418,General Dentist,09:00,17:00
D419,Doctor 419,General Dentist,09:00,17:00
D420,Doctor 420,General Dentist,10:00,18:00
D421,Doctor 421,General Dentist,09:00,17:00
D422,Doctor 422,General Dentist,09:00,17:00
D423,Doctor 423,General Dentist,09:00,13:00
D424,Doctor 424,General Dentist,09:00,13:00
D425,Doctor 425,General Dentist,09:00,17:00
D426,Doctor 426,General Dentist,10:00,18:00
D427,Doctor 427,General Dentist,10:00,18:00
D428,Doctor 428,General Dentist,09:00,13:00
D429,Doctor 429,General Dentist,09:00,17:00
D430,Doctor 430,General Dentist,09:00,13:00
D431,Doctor 431,General Dentist,10:00,18:00
D432,Doctor 432,General Dentist,09:00,17:00
D433,Doctor 433,General Dentist,09:00,13:00
D434,Doctor 434,General Dentist,09:00,13:00
D435,Doctor 435,General Dentist,10:00,18:00
D436,Doctor 436,General Dentist,09:00,13:00
D437,Doctor 437,General Dentist,10:00,18:00
D438,Doctor 438,General Dentist,10:00,18:00
D439,Doctor 439,General Dentist,09:00,17:00
D440,Doctor 440,General Dentist,09:00,17:00
D441,Doctor 441,General Dentist,09:00,13:00
D442,Doctor 442,General Dentist,10:00,18:00
D443,Doctor 443,General Dentist,10:00,18:00
D444,Doctor 444,General Dentist,09:00,17:00
D445,Doctor 445,General Dentist,09:00,17:00
D446,Doctor 446,General Dentist,10:00,18:00
D447,Doctor 447,General Dentist,09:00,17:00
D448,Doctor 448,General Dentist,09:00,13:00
D449,Doctor 449,General Dentist,10:00,18:00
D450,Doctor 450,General Dentist,09:00,17:00
D451,Doctor 451,General Dentist,09:00,13:00
D452,Doctor 452,General Dentist,10:00,18:00
D453,Doctor 453,General Dentist,09:00,13:00
D454,Doctor 454,General Dentist,09:00,13:00
D455,Doctor 455,General Dentist,10:00,18:00
D456,Doctor 456,General Dentist,09:00,13:00
D457,Doctor 457,General Dentist,09:00,17:00
D458,Doctor 458,General Dentist,09:00,17:00
D459,Doctor 459,General Dentist,09:00,17:00
D460,Doctor 460,General Dentist,09:00,13:00
D461,Doctor 461,General Dentist,09:00,17:00
D462,Doctor 462,General Dentist,09:00,13:00
D463,Doctor 463,General Dentist,09:00,17:00
D464,Doctor 464,General Dentist,10:00,18:00
D465,Doctor 465,General Dentist,09:00,13:00
D466,Doctor 466,General Dentist,09:00,13:00
D467,Doctor 467,General Dentist,09:00,17:00
D468,Doctor 468,General Dentist,10:00,18:00
D469,Doctor 469,General Dentist,09:00,17:00
D470,Doctor 470,General Dentist,09:00,17:00
D471,Doctor 471,General Dentist,10:00,18:00
D472,Doctor 472,General Dentist,10:00,18:00
D473,Doctor 473,General Dentist,09:00,17:00
D474,Doctor 474,General Dentist,10:00,18:00
D475,Doctor 475,General Dentist,09:00,17:00
D476,Doctor 476,General Dentist,09:00,13:00
D477,Doctor 477,General Dentist,09:00,17:00
D478,Doctor 478,General Dentist,09:00,13:00
D479,Doctor 479,General Dentist,09:00,17:00
D480,Doctor 480,General Dentist,10:00,18:00
D481,Doctor 481,General Dentist,09:00,13:00
D482,Doctor 482,General Dentist,10:00,18:00
D483,Doctor 483,General Dentist,09:00,13:00
D484,Doctor 484,General Dentist,09:00,13:00
D485,Doctor 485,General Dentist,09:00,17:00
D486,Doctor 486,General Dentist,09:00,17:00
D487,Doctor 487,General Dentist,09:00,17:00
D488,Doctor 488,General Dentist,09:00,17:00
D489,Doctor 489,General Dentist,10:00,18:00
D490,Doctor 490,General Dentist,09:00,17:00
D491,Doctor 491,General Dentist,09:00,17:00
D492,Doctor 492,General Dentist,09:00,13:00
D493,Doctor 493,General Dentist,10:00,18:00
D494,Doctor 494,General Dentist,10:00,18:00
D495,Doctor 495,General Dentist,09:00,13:00
D496,Doctor 496,General Dentist,09:00,13:00
D497,Doctor 497,General Dentist,09:00,17:00
D498,Doctor 498,General Dentist,10:00,18:00
D499,Doctor 499,General Dentist,09:00,17:00
D500,Doctor 500,General Dentist,09:00,13:00
D501,Doctor 501,General Dentist,09:00,17:00
D502,Doctor 502,General Dentist,10:00,18:00
D503,Doctor 503,General Dentist,09:00,17:00
D504,Doctor 504,General Dentist,10:00,18:00
D505,Doctor 505,General Dentist,09:00,17:00
D506,Doctor 506,General Dentist,09:00,17:00
D507,Doctor 507,General Dentist,10:00,18:00
D508,Doctor 508,General Dentist,10:00,18:00
D509,Doctor 509,General Dentist,10:00,18:00
D510,Doctor 510,General Dentist,09:00,17:00
D511,Doctor 511,General Dentist,09:00,17:00
D512,Doctor 512,General Dentist,09:00,17:00
D513,Doctor 513,General Dentist,09:00,13:00
D514,Doctor 514,General Dentist,09:00,17:00
D515,Doctor 515,General Dentist,10:00,18:00
D516,Doctor 516,General Dentist,10:00,18:00
D517,Doctor 517,General Dentist,10:00,18:00
D518,Doctor 518,General Dentist,09:00,17:00
D519,Doctor 519,General Dentist,10:00,18:00
D520,Doctor 520,General Dentist,10:00,18:00
D521,Doctor 521,General Dentist,09:00,13:00
D522,Doctor 522,General Dentist,09:00,13:00
D523,Doctor 523,General Dentist,10:00,18:00
D524,Doctor 524,General Dentist,09:00,13:00
D525,Doctor 525,General Dentist,09:00,13:00
D526,Doctor 526,General Dentist,10:00,18:00
D527,Doctor 527,General Dentist,09:00,17:00
D528,Doctor 528,General Dentist,09:00,17:00
D529,Doctor 529,General Dentist,10:00,18:00
D530,Doctor 530,General Dentist,09:00,17:00
D531,Doctor 531,General Dentist,09:00,13:00
D532,Doctor 532,General Dentist,10:00,18:00
D533,Doctor 533,General Dentist,09:00,17:00
D534,Doctor 534,General Dentist,09:00,17:00
D535,Doctor 535,General Dentist,09:00,13:00
D536,Doctor 536,General Dentist,10:00,18:00
D537,Doctor 537,General Dentist,10:00,18:00
D538,Doctor 538,General Dentist,09:00,13:00
D539,Doctor 539,General Dentist,10:00,18:00
D540,Doctor 540,General Dentist,10:00,18:00
D541,Doctor 541,General Dentist,09:00,13:00
D542,Doctor 542,General Dentist,09:00,13:00
D543,Doctor 543,General Dentist,09:00,17:00
D544,Doctor 544,General Dentist,10:00,18:00
D545,Doctor 545,General Dentist,09:00,13:00
D546,Doctor 546,General Dentist,09:00,17:00
D547,Doctor 547,General Dentist,10:00,18:00
D548,Doctor 548,General Dentist,09:00,17:00
D549,Doctor 549,General Dentist,09:00,13:00
D550,Doctor 550,General Dentist,10:00,18:00
D551,Doctor 551,General Dentist,09:00,17:00
D552,Doctor 552,General Dentist,09:00,13:00
D553,Doctor 553,General Dentist,09:00,13:00
D554,Doctor 554,General Dentist,09:00,13:00
D555,Doctor 555,General Dentist,09:00,13:00
D556,Doctor 556,General Dentist,09:00,13:00
D557,Doctor 557,General Dentist,09:00,13:00
D558,Doctor 558,General Dentist,09:00,13:00
D559,Doctor 559,General Dentist,09:00,17:00
D560,Doctor 560,General Dentist,10:00,18:00
D561,Doctor 561,General Dentist,10:00,18:00
D562,Doctor 562,General Dentist,09:00,17:00
D563,Doctor 563,General Dentist,09:00,13:00
D564,Doctor 564,General Dentist,10:00,18:00
D565,Doctor 565,General Dentist,09:00,13:00
D566,Doctor 566,General Dentist,10:00,18:00
D567,Doctor 567,General Dentist,09:00,13:00
D568,Doctor 568,General Dentist,09:00,17:00
D569,Doctor 569,General Dentist,09:00,13:00
D570,Doctor 570,General Dentist,10:00,18:00
D571,Doctor 571,General Dentist,09:00,13:00
D572,Doctor 572,General Dentist,10:00,18:00
D573,Doctor 573,General Dentist,09:00,13:00
D574,Doctor 574,General Dentist,10:00,18:00
D575,Doctor 575,General Dentist,10:00,18:00
D576,Doctor 576,General Dentist,10:00,18:00
D577,Doctor 577,General Dentist,09:00,13:00
D578,Doctor 578,General Dentist,10:00,18:00
D579,Doctor 579,General Dentist,09:00,13:00
D580,Doctor 580,General Dentist,09:00,17:00
D581,Doctor 581,General Dentist,09:00,17:00
D582,Doctor 582,General Dentist,10:00,18:00
D583,Doctor 583,General Dentist,09:00,13:00
D584,Doctor 584,General Dentist,10:00,18:00
D585,Doctor 585,General Dentist,09:00,13:00
D586,Doctor 586,General Dentist,09:00,13:00
D587,Doctor 587,General Dentist,09:00,17:00
D588,Doctor 588,General Dentist,09:00,13:00
D589,Doctor 589,General Dentist,09:00,13:00
D590,Doctor 590,General Dentist,10:00,18:00
D591,Doctor 591,General Dentist,10:00,18:00
D592,Doctor 592,General Dentist,09:00,13:00
D593,Doctor 593,General Dentist,09:00,17:00
D594,Doctor 594,General Dentist,10:00,18:00
D595,Doctor 595,General Dentist,10:00,18:00
D596,Doctor 596,General Dentist,09:00,17:00
D597,Doctor 597,General Dentist,10:00,18:00
D598,Doctor 598,General Dentist,09:00,13:00
D599,Doctor 599,General Dentist,09:00,13:00
D600,Doctor 600,General Dentist,09:00,13:00
D601,Doctor 601,General Dentist,10:00,18:00
D602,Doctor 602,General Dentist,10:00,18:00
D603,Doctor 603,General Dentist,10:00,18:00
D604,Doctor 604,General Dentist,10:00,18:00
D605,Doctor 605,General Dentist,09:00,13:00
D606,Doctor 606,General Dentist,09:00,17:00
D607,Doctor 607,General Dentist,09:00,13:00
D608,Doctor 608,General Dentist,10:00,18:00
D609,Doctor 609,General Dentist,09:00,13:00
D610,Doctor 610,General Dentist,09:00,17:00
D611,Doctor 611,General Dentist,09:00,13:00
D612,Doctor 612,General Dentist,09:00,17:00
D613,Doctor 613,General Dentist,10:00,18:00
D614,Doctor 614,General Dentist,09:00,13:00
D615,Doctor 615,General Dentist,09:00,13:00
D616,Doctor 616,General Dentist,09:00,13:00
D617,Doctor 617,General Dentist,09:00,13:00
D618,Doctor 618,General Dentist,10:00,18:00
D619,Doctor 619,General Dentist,09:00,17:00
D620,Doctor 620,General Dentist,09:00,17:00
D621,Doctor 621,General Dentist,09:00,13:00
D622,Doctor 622,General Dentist,10:00,18:00
D623,Doctor 623,General Dentist,09:00,17:00
D624,Doctor 624,General Dentist,09:00,17:00
D625,Doctor 625,General Dentist,09:00,17:00
D626,Doctor 626,General Dentist,09:00,17:00
D627,Doctor 627,General Dentist,09:00,17:00
D628,Doctor 628,General Dentist,09:00,17:00
D629,Doctor 629,General Dentist,10:00,18:00
D630,Doctor 630,General Dentist,09:00,13:00
D631,Doctor 631,General Dentist,09:00,17:00
D632,Doctor 632,General Dentist,10:00,18:00
D633,Doctor 633,General Dentist,10:00,18:00
D634,Doctor 634,General Dentist,09:00,13:00
D635,Doctor 635,General Dentist,09:00,13:00
D636,Doctor 636,General Dentist,09:00,17:00
D637,Doctor 637,General Dentist,09:00,13:00
D638,Doctor 638,General Dentist,09:00,13:00
D639,Doctor 639,General Dentist,10:00,18:00
D640,Doctor 640,General Dentist,10:00,18:00
D641,Doctor 641,General Dentist,10:00,18:00
D642,Doctor 642,General Dentist,09:00,17:00
D643,Doctor 643,General Dentist,09:00,17:00
D644,Doctor 644,General Dentist,09:00,13:00
D645,Doctor 645,General Dentist,09:00,13:00
D646,Doctor 646,General Dentist,09:00,17:00
D647,Doctor 647,General Dentist,09:00,17:00
D648,Doctor 648,General Dentist,10:00,18:00
D649,Doctor 649,General Dentist,09:00,17:00
D650,Doctor 650,General Dentist,09:00,17:00
D651,Doctor 651,General Dentist,09:00,13:00
D652,Doctor 652,General Dentist,09:00,13:00
D653,Doctor 653,General Dentist,10:00,18:00
D654,Doctor 654,General Dentist,09:00,17:00
D655,Doctor 655,General Dentist,09:00,13:00
D656,Doctor 656,General Dentist,09:00,17:00
D657,Doctor 657,General Dentist,09:00,17:00
D658,Doctor 658,General Dentist,10:00,18:00
D659,Doctor 659,General Dentist,09:00,17:00
D660,Doctor 660,General Dentist,10:00,18:00
D661,Doctor 661,General Dentist,09:00,13:00
D662,Doctor 662,General Dentist,09:00,13:00
D663,Doctor 663,General Dentist,09:00,13:00
D664,Doctor 664,General Dentist,09:00,13:00
D665,Doctor 665,General Dentist,10:00,18:00
D666,Doctor 666,General Dentist,10:00,18:00
D667,Doctor 667,General Dentist,09:00,13:00
D668,Doctor 668,General Dentist,09:00,13:00
D669,Doctor 669,General Dentist,09:00,13:00
D670,Doctor 670,General Dentist,10:00,18:00
D671,Doctor 671,General Dentist,09:00,13:00
D672,Doctor 672,General Dentist,10:00,18:00
D673,Doctor 673,General Dentist,09:00,17:00
D674,Doctor 674,General Dentist,09:00,13:00
D675,Doctor 675,General Dentist,10:00,18:00
D676,Doctor 676,General Dentist,10:00,18:00
D677,Doctor 677,General Dentist,10:00,18:00
D678,Doctor 678,General Dentist,09:00,17:00
D679,Doctor 679,General Dentist,09:00,13:00
D680,Doctor 680,General Dentist,10:00,18:00
D681,Doctor 681,General Dentist,09:00,13:00
D682,Doctor 682,General Dentist,10:00,18:00
D683,Doctor 683,General Dentist,09:00,13:00
D684,Doctor 684,General Dentist,09:00,17:00
D685,Doctor 685,General Dentist,10:00,18:00
D686,Doctor 686,General Dentist,10:00,18:00
D687,Doctor 687,General Dentist,09:00,17:00
D688,Doctor 688,General Dentist,09:00,13:00
D689,Doctor 689,General Dentist,10:00,18:00
D690,Doctor 690,General Dentist,09:00,17:00
D691,Doctor 691,General Dentist,10:00,18:00
D692,Doctor 692,General Dentist,10:00,18:00
D693,Doctor 693,General Dentist,10:00,18:00
D694,Doctor 694,General Dentist,09:00,13:00
D695,Doctor 695,General Dentist,09:00,17:00
D696,Doctor 696,General Dentist,09:00,17:00
D697,Doctor 697,General Dentist,09:00,17:00
D698,Doctor 698,General Dentist,09:00,17:00
D699,Doctor 699,General Dentist,10:00,18:00
D700,Doctor 700,General Dentist,09:00,13:00
D701,Doctor 701,General Dentist,09:00,17:00
D702,Doctor 702,General Dentist,09:00,13:00
D703,Doctor 703,General Dentist,09:00,17:00
D704,Doctor 704,General Dentist,09:00,17:00
D705,Doctor 705,General Dentist,10:00,18:00
D706,Doctor 706,General Dentist,10:00,18:00
D707,Doctor 707,General Dentist,10:00,18:00
D708,Doctor 708,General Dentist,09:00,13:00
D709,Doctor 709,General Dentist,10:00,18:00
D710,Doctor 710,General Dentist,10:00,18:00
D711,Doctor 711,General Dentist,09:00,17:00
D712,Doctor 712,General Dentist,09:00,17:00
D713,Doctor 713,General Dentist,10:00,18:00
D714,Doctor 714,General Dentist,10:00,18:00
D715,Doctor 715,General Dentist,09:00,13:00
D716,Doctor 716,General Dentist,09:00,13:00
D717,Doctor 717,General Dentist,09:00,17:00
D718,Doctor 718,General Dentist,09:00,13:00
D719,Doctor 719,General Dentist,10:00,18:00
D720,Doctor 720,General Dentist,10:00,18:00
D721,Doctor 721,General Dentist,09:00,17:00
D722,Doctor 722,General Dentist,10:00,18:00
D723,Doctor 723,General Dentist,10:00,18:00
D724,Doctor 724,General Dentist,10:00,18:00
D725,Doctor 725,General Dentist,10:00,18:00
D726,Doctor 726,General Dentist,09:00,13:00
D727,Doctor 727,General Dentist,09:00,13:00
D728,Doctor 728,General Dentist,09:00,13:00
D729,Doctor 729,General Dentist,09:00,13:00
D730,Doctor 730,General Dentist,09:00,13:00
D731,Doctor 731,General Dentist,09:00,17:00
D732,Doctor 732,General Dentist,10:00,18:00
D733,Doctor 733,General Dentist,09:00,17:00
D734,Doctor 734,General Dentist,10:00,18:00
D735,Doctor 735,General Dentist,10:00,18:00
D736,Doctor 736,General Dentist,10:00,18:00
D737,Doctor 737,General Dentist,09:00,17:00
D738,Doctor 738,General Dentist,10:00,18:00
D739,Doctor 739,General Dentist,10:00,18:00
D740,Doctor 740,General Dentist,09:00,13:00
D741,Doctor 741,General Dentist,09:00,13:00
D742,Doctor 742,General Dentist,10:00,18:00
D743,Doctor 743,General Dentist,09:00,13:00
D744,Doctor 744,General Dentist,09:00,17:00
D745,Doctor 745,General Dentist,10:00,18:00
D746,Doctor 746,General Dentist,09:00,17:00
D747,Doctor 747,General Dentist,09:00,13:00
D748,Doctor 748,General Dentist,09:00,13:00
D749,Doctor 749,General Dentist,09:00,17:00
D750,Doctor 750,General Dentist,10:00,18:00
