room_id,room_type,capacity
R1,General Operatory,1
R2,General Operatory,1
R3,General Operatory,1
R4,General Operatory,1
R5,Imaging Room,1
R6,General Operatory,1
R7,Endodontic Operatory,1
R8,General Operatory,1
R9,General Operatory,1
R10,General Operatory,1
R11,General Operatory,1
R12,General Operatory,1
R13,Imaging Room,1
R14,Endodontic Operatory,1
R15,Imaging Room,1
R16,General Operatory,1
R17,General Operatory,1
R18,General Operatory,1
R19,General Operatory,1
R20,General Operatory,1
R21,General Operatory,1
R22,Imaging Room,1
R23,General Operatory,1
R24,General Operatory,1
R25,General Operatory,1
R26,Endodontic Operatory,1
R27,Endodontic Operatory,1
R28,Imaging Room,1
R29,General Operatory,1
R30,General Operatory,1
R31,General Operatory,1
R32,General Operatory,1
R33,General Operatory,1
R34,General Operatory,1
R35,General Operatory,1
R36,General Operatory,1
R37,Endodontic Operatory,1
R38,General Operatory,1
R39,General Operatory,1
R40,General Operatory,1
R41,General Operatory,1
R42,General Operatory,1
R43,General Operatory,1
R44,General Operatory,1
R45,Imaging Room,1
R46,Endodontic Operatory,1
R47,General Operatory,1
R48,General Operatory,1
R49,General Operatory,1
R50,General Operatory,1
R51,General Operatory,1
R52,Endodontic Operatory,1
R53,General Operatory,1
R54,General Operatory,1
R55,General Operatory,1
R56,General Operatory,1
R57,Endodontic Operatory,1
R58,Endodontic Operatory,1
R59,Endodontic Operatory,1
R60,General Operatory,1
R61,Imaging Room,1
R62,General Operatory,1
R63,Imaging Room,1
R64,General Operatory,1
R65,General Operatory,1
R66,General Operatory,1
R67,General Operatory,1
R68,General Operatory,1
R69,Imaging Room,1
R70,General Operatory,1
R71,General Operatory,1
R72,General Operatory,1
R73,General Operatory,1
R74,General Operatory,1
R75,General Operatory,1
R76,Endodontic Operatory,1
R77,Imaging Room,1
R78,General Operatory,1
R79,Imaging Room,1
R80,General Operatory,1
R81,Imaging Room,1
R82,Imaging Room,1
R83,General Operatory,1
R84,General Operatory,1
R85,General Operatory,1
R86,Endodontic Operatory,1
R87,Endodontic Operatory,1
R88,General Operatory,1
R89,General Operatory,1
R90,Endodontic Operatory,1
R91,Imaging Room,1
R92,Endodontic Operatory,1
R93,Endodontic Operatory,1
R94,Endodontic Operatory,1
R95,General Operatory,1
R96,General Operatory,1
R97,General Operatory,1
R98,General Operatory,1
R99,General Operatory,1
R100,General Operatory,1
R101,General Operatory,1
R102,Imaging Room,1
R103,General Operatory,1
R104,General Operatory,1
R105,Endodontic Operatory,1
R106,General Operatory,1
R107,Imaging Room,1
R108,General Operatory,1
R109,General Operatory,1
R110,General Operatory,1
R111,General Operatory,1
R112,General Operatory,1
R113,Endodontic Operatory,1
R114,General Operatory,1
R115,General Operatory,1
R116,General Operatory,1
R117,Endodontic Operatory,1
R118,Imaging Room,1
R119,General Operatory,1
R120,General Operatory,1
R121,Imaging Room,1
R122,General Operatory,1
R123,Endodontic Operatory,1
R124,Endodontic Operatory,1
R125,General Operatory,1
R126,General Operatory,1
R127,General Operatory,1
R128,General Operatory,1
R129,General Operatory,1
R130,General Operatory,1
R131,Endodontic Operatory,1
R132,General Operatory,1
R133,Imaging Room,1
R134,Endodontic Operatory,1
R135,General Operatory,1
R136,General Operatory,1
R137,General Operatory,1
R138,General Operatory,1
R139,General Operatory,1
R140,General Operatory,1
R141,General Operatory,1
R142,General Operatory,1
R143,Endodontic Operatory,1
R144,General Operatory,1
R145,General Operatory,1
R146,General Operatory,1
R147,General Operatory,1
R148,General Operatory,1
R149,General Operatory,1
R150,General Operatory,1
R151,General Operatory,1
R152,General Operatory,1
R153,General Operatory,1
R154,Endodontic Operatory,1
R155,Endodontic Operatory,1
R156,Endodontic Operatory,1
R157,General Operatory,1
R158,Imaging Room,1
R159,Endodontic Operatory,1
R160,Endodontic Operatory,1
R161,Endodontic Operatory,1
R162,General Operatory,1
R163,General Operatory,1
R164,General Operatory,1
R165,General Operatory,1
R166,General Operatory,1
R167,Endodontic Operatory,1
R168,Imaging Room,1
R169,Endodontic Operatory,1
R170,Endodontic Operatory,1
R171,General Operatory,1
R172,Endodontic Operatory,1
R173,General Operatory,1
R174,General Operatory,1
R175,General Operatory,1
R176,Endodontic Operatory,1
R177,General Operatory,1
R178,General Operatory,1
R179,Endodontic Operatory,1
R180,General Operatory,1
R181,General Operatory,1
R182,Endodontic Operatory,1
R183,Imaging Room,1
R184,General Operatory,1
R185,General Operatory,1
R186,General Operatory,1
R187,Endodontic Operatory,1
R188,Endodontic Operatory,1
R189,General Operatory,1
R190,General Operatory,1
R191,General Operatory,1
R192,General Operatory,1
R193,General Operatory,1
R194,Imaging Room,1
R195,General Operatory,1
R196,General Operatory,1
R197,General Operatory,1
R198,Endodontic Operatory,1
R199,Imaging Room,1
R200,General Operatory,1
R201,General Operatory,1
R202,General Operatory,1
R203,General Operatory,1
R204,General Operatory,1
R205,Endodontic Operatory,1
R206,General Operatory,1
R207,General Operatory,1
R208,Endodontic Operatory,1
R209,General Operatory,1
R210,General Operatory,1
R211,General Operatory,1
R212,General Operatory,1
R213,General Operatory,1
R214,General Operatory,1
R215,General Operatory,1
R216,Imaging Room,1
R217,General Operatory,1
R218,General Operatory,1
R219,General Operatory,1
R220,General Operatory,1
R221,General Operatory,1
R222,Imaging Room,1
R223,General Operatory,1
R224,General Operatory,1
R225,General Operatory,1
R226,General Operatory,1
R227,General Operatory,1
R228,General Operatory,1
R229,General Operatory,1
R230,General Operatory,1
R231,General Operatory,1
R232,General Operatory,1
R233,General Operatory,1
R234,General Operatory,1
R235,Imaging Room,1
R236,General Operatory,1
R237,General Operatory,1
R238,General Operatory,1
R239,General Operatory,1
R240,General Operatory,1
R241,General Operatory,1
R242,General Operatory,1
R243,General Operatory,1
R244,General Operatory,1
R245,General Operatory,1
R246,General Operatory,1
R247,General Operatory,1
R248,Endodontic Operatory,1
R249,Imaging Room,1
R250,General Operatory,1
R251,General Operatory,1
R252,Endodontic Operatory,1
R253,Imaging Room,1
R254,General Operatory,1
R255,General Operatory,1
R256,General Operatory,1
R257,Endodontic Operatory,1
R258,General Operatory,1
R259,Imaging Room,1
R260,General Operatory,1
R261,General Operatory,1
R262,General Operatory,1
R263,Endodontic Operatory,1
R264,Endodontic Operatory,1
R265,Imaging Room,1
R266,General Operatory,1
R267,General Operatory,1
R268,General Operatory,1
R269,General Operatory,1
R270,General Operatory,1
R271,General Operatory,1
R272,General Operatory,1
R273,General Operatory,1
R274,General Operatory,1
R275,General Operatory,1
R276,General Operatory,1
R277,Imaging Room,1
R278,General Operatory,1
R279,Imaging Room,1
R280,Endodontic Operatory,1
R281,General Operatory,1
R282,General Operatory,1
R283,General Operatory,1
R284,General Operatory,1
R285,Endodontic Operatory,1
R286,Endodontic Operatory,1
R287,General Operatory,1
R288,General Operatory,1
R289,General Operatory,1
R290,General Operatory,1
R291,Endodontic Operatory,1
R292,General Operatory,1
R293,General Operatory,1
R294,Endodontic Operatory,1
R295,General Operatory,1
R296,Endodontic Operatory,1
R297,General Operatory,1
R298,General Operatory,1
R299,Endodontic Operatory,1
R300,Imaging Room,1
R301,General Operatory,1
R302,Endodontic Operatory,1
R303,General Operatory,1
R304,General Operatory,1
R305,General Operatory,1
R306,General Operatory,1
R307,General Operatory,1
R308,Endodontic Operatory,1
R309,General Operatory,1
R310,General Operatory,1
R311,General Operatory,1
R312,Imaging Room,1
R313,General Operatory,1
R314,General Operatory,1
R315,Endodontic Operatory,1
R316,General Operatory,1
R317,General Operatory,1
R318,General Operatory,1
R319,General Operatory,1
R320,Endodontic Operatory,1
R321,General Operatory,1
R322,Endodontic Operatory,1
R323,General Operatory,1
R324,Imaging Room,1
R325,General Operatory,1
R326,General Operatory,1
R327,Endodontic Operatory,1
R328,Endodontic Operatory,1
R329,Endodontic Operatory,1
R330,General Operatory,1
R331,General Operatory,1
R332,Imaging Room,1
R333,Imaging Room,1
R334,General Operatory,1
R335,General Operatory,1
R336,General Operatory,1
R337,General Operatory,1
R338,General Operatory,1
R339,General Operatory,1
R340,General Operatory,1
R341,General Operatory,1
R342,General Operatory,1
R343,General Operatory,1
R344,General Operatory,1
R345,Imaging Room,1
R346,General Operatory,1
R347,General Operatory,1
R348,General Operatory,1
R349,Imaging Room,1
R350,Imaging Room,1
R351,General Operatory,1
R352,General Operatory,1
R353,General Operatory,1
R354,General Operatory,1
R355,General Operatory,1
R356,General Operatory,1
R357,General Operatory,1
R358,General Operatory,1
R359,General Operatory,1
R360,General Operatory,1
R361,General Operatory,1
R362,Imaging Room,1
R363,General Operatory,1
R364,General Operatory,1
R365,General Operatory,1
R366,Imaging Room,1
R367,General Operatory,1
R368,General Operatory,1
R369,General Operatory,1
R370,General Operatory,1
R371,General Operatory,1
R372,General Operatory,1
R373,General Operatory,1
R374,General Operatory,1
R375,General Operatory,1
R376,General Operatory,1
R377,General Operatory,1
R378,General Operatory,1
R379,General Operatory,1
R380,Endodontic Operatory,1
R381,General Operatory,1
R382,General Operatory,1
R383,General Operatory,1
R384,General Operatory,1
R385,General Operatory,1
R386,General Operatory,1
R387,General Operatory,1
R388,Endodontic Operatory,1
R389,General Operatory,1
R390,General Operatory,1
R391,General Operatory,1
R392,General Operatory,1
R393,General Operatory,1
R394,General Operatory,1
R395,General Operatory,1
R396,General Operatory,1
R397,General Operatory,1
R398,General Operatory,1
R399,General Operatory,1
R400,General Operatory,1
R401,General Operatory,1
R402,General Operatory,1
R403,General Operatory,1
R404,General Operatory,1
R405,General Operatory,1
R406,General Operatory,1
R407,General Operatory,1
R408,General Operatory,1
R409,General Operatory,1
R410,General Operatory,1
R411,General Operatory,1
R412,Endodontic Operatory,1
R413,General Operatory,1
R414,General Operatory,1
R415,Endodontic Operatory,1
R416,General Operatory,1
R417,General Operatory,1
R418,General Operatory,1
R419,Endodontic Operatory,1
R420,General Operatory,1
R421,General Operatory,1
R422,General Operatory,1
R423,General Operatory,1
R424,General Operatory,1
R425,Endodontic Operatory,1
R426,General Operatory,1
R427,General Operatory,1
R428,General Operatory,1
R429,General Operatory,1
R430,General Operatory,1
R431,General Operatory,1
R432,General Operatory,1
R433,General Operatory,1
R434,Imaging Room,1
R435,General Operatory,1
R436,Endodontic Operatory,1
R437,General Operatory,1
R438,General Operatory,1
R439,Imaging Room,1
R440,General Operatory,1
R441,General Operatory,1
R442,Endodontic Operatory,1
R443,General Operatory,1
R444,General Operatory,1
R445,General Operatory,1
R446,General Operatory,1
R447,Endodontic Operatory,1
R448,General Operatory,1
R449,General Operatory,1
R450,Endodontic Operatory,1
R451,General Operatory,1
R452,General Operatory,1
R453,General Operatory,1
R454,General Operatory,1
R455,General Operatory,1
R456,Endodontic Operatory,1
R457,General Operatory,1
R458,General Operatory,1
R459,General Operatory,1
R460,Endodontic Operatory,1
R461,General Operatory,1
R462,General Operatory,1
R463,General Operatory,1
R464,General Operatory,1
R465,General Operatory,1
R466,General Operatory,1
R467,Endodontic Operatory,1
R468,Endodontic Operatory,1
R469,General Operatory,1
R470,General Operatory,1
R471,General Operatory,1
R472,Imaging Room,1
R473,General Operatory,1
R474,Endodontic Operatory,1
R475,General Operatory,1
R476,General Operatory,1
R477,Endodontic Operatory,1
R478,Endodontic Operatory,1
R479,General Operatory,1
R480,Imaging Room,1
R481,General Operatory,1
R482,General Operatory,1
R483,General Operatory,1
R484,General Operatory,1
R485,Endodontic Operatory,1
R486,General Operatory,1
R487,General Operatory,1
R488,General Operatory,1
R489,Endodontic Operatory,1
R490,General Operatory,1
R491,General Operatory,1
R492,General Operatory,1
R493,General Operatory,1
R494,General Operatory,1
R495,General Operatory,1
R496,General Operatory,1
R497,General Operatory,1
R498,Endodontic Operatory,1
R499,General Operatory,1
R500,General Operatory,1
R501,General Operatory,1
R502,Endodontic Operatory,1
R503,General Operatory,1
R504,General Operatory,1
R505,General Operatory,1
R506,General Operatory,1
R507,General Operatory,1
R508,General Operatory,1
R509,General Operatory,1
R510,General Operatory,1
R511,General Operatory,1
R512,General Operatory,1
R513,General Operatory,1
R514,Endodontic Operatory,1
R515,General Operatory,1
R516,General Operatory,1
R517,General Operatory,1
R518,General Operatory,1
R519,General Operatory,1
R520,General Operatory,1
R521,Imaging Room,1
R522,General Operatory,1
R523,General Operatory,1
R524,General Operatory,1
R525,Endodontic Operatory,1
R526,Imaging Room,1
R527,Imaging Room,1
R528,General Operatory,1
R529,Imaging Room,1
R530,General Operatory,1
R531,General Operatory,1
R532,General Operatory,1
R533,General Operatory,1
R534,General Operatory,1
R535,General Operatory,1
R536,General Operatory,1
R537,Endodontic Operatory,1
R538,Endodontic Operatory,1
R539,General Operatory,1
R540,General Operatory,1
R541,General Operatory,1
R542,General Operatory,1
R543,General Operatory,1
R544,General Operatory,1
R545,General Operatory,1
R546,Endodontic Operatory,1
R547,General Operatory,1
R548,General Operatory,1
R549,General Operatory,1
R550,General Operatory,1
R551,Endodontic Operatory,1
R552,Imaging Room,1
R553,General Operatory,1
R554,General Operatory,1
R555,Imaging Room,1
R556,General Operatory,1
R557,General Operatory,1
R558,General Operatory,1
R559,General Operatory,1
R560,General Operatory,1
R561,General Operatory,1
R562,General Operatory,1
R563,Imaging Room,1
R564,Endodontic Operatory,1
R565,General Operatory,1
R566,General Operatory,1
R567,Endodontic Operatory,1
R568,Endodontic Operatory,1
R569,General Operatory,1
R570,General Operatory,1
R571,General Operatory,1
R572,General Operatory,1
R573,General Operatory,1
R574,General Operatory,1
R575,General Operatory,1
R576,Imaging Room,1
R577,General Operatory,1
R578,Endodontic Operatory,1
R579,General Operatory,1
R580,Imaging Room,1
R581,General Operatory,1
R582,Endodontic Operatory,1
R583,General Operatory,1
R584,General Operatory,1
R585,General Operatory,1
R586,General Operatory,1
R587,General Operatory,1
R588,General Operatory,1
R589,General Operatory,1
R590,General Operatory,1
R591,Imaging Room,1
R592,General Operatory,1
R593,Endodontic Operatory,1
R594,Imaging Room,1
R595,Imaging Room,1
R596,General Operatory,1
R597,General Operatory,1
R598,General Operatory,1
R599,General Operatory,1
R600,General Operatory,1
R601,Imaging Room,1
R602,General Operatory,1
R603,Endodontic Operatory,1
R604,General Operatory,1
R605,Endodontic Operatory,1
R606,General Operatory,1
R607,Endodontic Operatory,1
R608,General Operatory,1
R609,General Operatory,1
R610,General Operatory,1
R611,Endodontic Operatory,1
R612,General Operatory,1
R613,Endodontic Operatory,1
R614,Endodontic Operatory,1
R615,Imaging Room,1
R616,General Operatory,1
R617,Endodontic Operatory,1
R618,General Operatory,1
R619,General Operatory,1
R620,General Operatory,1
R621,Endodontic Operatory,1
R622,General Operatory,1
R623,General Operatory,1
R624,Imaging Room,1
R625,Endodontic Operatory,1
R626,General Operatory,1
R627,General Operatory,1
R628,Endodontic Operatory,1
R629,Endodontic Operatory,1
R630,Imaging Room,1
R631,General Operatory,1
R632,General Operatory,1
R633,General Operatory,1
R634,General Operatory,1
R635,General Operatory,1
R636,Imaging Room,1
R637,General Operatory,1
R638,General Operatory,1
R639,Imaging Room,1
R640,General Operatory,1
R641,Endodontic Operatory,1
R642,General Operatory,1
R643,General Operatory,1
R644,General Operatory,1
R645,General Operatory,1
R646,Endodontic Operatory,1
R647,General Operatory,1
R648,Endodontic Operatory,1
R649,General Operatory,1
R650,General Operatory,1
R651,Endodontic Operatory,1
R652,Endodontic Operatory,1
R653,General Operatory,1
R654,General Operatory,1
R655,Endodontic Operatory,1
R656,General Operatory,1
R657,Endodontic Operatory,1
R658,Imaging Room,1
R659,General Operatory,1
R660,Endodontic Operatory,1
R661,Endodontic Operatory,1
R662,Endodontic Operatory,1
R663,General Operatory,1
R664,Endodontic Operatory,1
R665,General Operatory,1
R666,General Operatory,1
R667,General Operatory,1
R668,General Operatory,1
R669,Endodontic Operatory,1
R670,General Operatory,1
R671,Endodontic Operatory,1
R672,General Operatory,1
R673,General Operatory,1
R674,Endodontic Operatory,1
R675,General Operatory,1
R676,General Operatory,1
R677,General Operatory,1
R678,General Operatory,1
R679,General Operatory,1
R680,General Operatory,1
R681,Imaging Room,1
R682,Imaging Room,1
R683,General Operatory,1
R684,General Operatory,1
R685,Endodontic Operatory,1
R686,Imaging Room,1
R687,Imaging Room,1
R688,General Operatory,1
R689,General Operatory,1
R690,Endodontic Operatory,1
R691,General Operatory,1
R692,Imaging Room,1
R693,General Operatory,1
R694,General Operatory,1
R695,Imaging Room,1
R696,General Operatory,1
R697,Imaging Room,1
R698,General Operatory,1
R699,General Operatory,1
R700,General Operatory,1
R701,General Operatory,1
R702,Imaging Room,1
R703,General Operatory,1
R704,General Operatory,1
R705,General Operatory,1
R706,Imaging Room,1
R707,General Operatory,1
R708,General Operatory,1
R709,General Operatory,1
R710,Endodontic Operatory,1
R711,Endodontic Operatory,1
R712,General Operatory,1
R713,General Operatory,1
R714,General Operatory,1
R715,General Operatory,1
R716,Imaging Room,1
R717,Endodontic Operatory,1
R718,General Operatory,1
R719,General Operatory,1
R720,General Operatory,1
R721,Endodontic Operatory,1
R722,Endodontic Operatory,1
R723,Endodontic Operatory,1
R724,General Operatory,1
R725,General Operatory,1
R726,General Operatory,1
R727,General Operatory,1
R728,Imaging Room,1
R729,Endodontic Operatory,1
R730,Endodontic Operatory,1
R731,General Operatory,1
R732,General Operatory,1
R733,Imaging Room,1
R734,General Operatory,1
R735,Endodontic Operatory,1
R736,General Operatory,1
R737,General Operatory,1
R738,General Operatory,1
R739,General Operatory,1
R740,General Operatory,1
R741,General Operatory,1
R742,Imaging Room,1
R743,General Operatory,1
R744,Imaging Room,1
R745,General Operatory,1
R746,General Operatory,1
R747,General Operatory,1
R748,General Operatory,1
R749,General Operatory,1
R750,General Operatory,1
R751,General Operatory,1
R752,General Operatory,1
R753,Endodontic Operatory,1
R754,General Operatory,1
R755,General Operatory,1
R756,Imaging Room,1
R757,Endodontic Operatory,1
R758,Imaging Room,1
R759,General Operatory,1
R760,Endodontic Operatory,1
R761,Endodontic Operatory,1
R762,General Operatory,1
R763,General Operatory,1
R764,General Operatory,1
R765,General Operatory,1
R766,General Operatory,1
R767,General Operatory,1
R768,General Operatory,1
R769,General Operatory,1
R770,General Operatory,1
R771,Endodontic Operatory,1
R772,General Operatory,1
R773,General Operatory,1
R774,General Operatory,1
R775,Endodontic Operatory,1
R776,General Operatory,1
R777,General Operatory,1
R778,General Operatory,1
R779,General Operatory,1
R780,Endodontic Operatory,1
R781,General Operatory,1
R782,General Operatory,1
R783,Endodontic Operatory,1
R784,General Operatory,1
R785,General Operatory,1
R786,General Operatory,1
R787,General Operatory,1
R788,Endodontic Operatory,1
R789,Imaging Room,1
R790,General Operatory,1
R791,General Operatory,1
R792,General Operatory,1
R793,General Operatory,1
R794,General Operatory,1
R795,General Operatory,1
R796,Imaging Room,1
R797,General Operatory,1
R798,General Operatory,1
R799,Endodontic Operatory,1
R800,General Operatory,1
R801,Endodontic Operatory,1
R802,General Operatory,1
R803,General Operatory,1
R804,General Operatory,1
R805,General Operatory,1
R806,General Operatory,1
R807,General Operatory,1
R808,General Operatory,1
R809,Endodontic Operatory,1
R810,Imaging Room,1
R811,General Operatory,1
R812,General Operatory,1
R813,General Operatory,1
R814,General Operatory,1
R815,General Operatory,1
R816,General Operatory,1
R817,General Operatory,1
R818,Endodontic Operatory,1
R819,Imaging Room,1
R820,Imaging Room,1
R821,General Operatory,1
R822,General Operatory,1
R823,General Operatory,1
R824,General Operatory,1
R825,Imaging Room,1
R826,General Operatory,1
R827,Endodontic Operatory,1
R828,General Operatory,1
R829,General Operatory,1
R830,Imaging Room,1
R831,General Operatory,1
R832,General Operatory,1
R833,General Operatory,1
R834,General Operatory,1
R835,General Operatory,1
R836,General Operatory,1
R837,Imaging Room,1
R838,General Operatory,1
R839,General Operatory,1
R840,Endodontic Operatory,1
R841,General Operatory,1
R842,Endodontic Operatory,1
R843,General Operatory,1
R844,General Operatory,1
R845,General Operatory,1
R846,Endodontic Operatory,1
R847,General Operatory,1
R848,General Operatory,1
R849,Endodontic Operatory,1
R850,General Operatory,1
R851,Endodontic Operatory,1
R852,General Operatory,1
R853,General Operatory,1
R854,General Operatory,1
R855,General Operatory,1
R856,General Operatory,1
R857,General Operatory,1
R858,General Operatory,1
R859,Imaging Room,1
R860,General Operatory,1
R861,General Operatory,1
R862,General Operatory,1
R863,General Operatory,1
R864,General Operatory,1
R865,General Operatory,1
R866,General Operatory,1
R867,General Operatory,1
R868,General Operatory,1
R869,Endodontic Operatory,1
R870,General Operatory,1
R871,General Operatory,1
R872,General Operatory,1
R873,General Operatory,1
R874,General Operatory,1
R875,Endodontic Operatory,1
R876,General Operatory,1
R877,General Operatory,1
R878,General Operatory,1
R879,General Operatory,1
R880,General Operatory,1
R881,General Operatory,1
R882,Endodontic Operatory,1
R883,General Operatory,1
R884,General Operatory,1
R885,General Operatory,1
R886,General Operatory,1
R887,Endodontic Operatory,1
R888,General Operatory,1
R889,General Operatory,1
R890,General Operatory,1
R891,Endodontic Operatory,1
R892,General Operatory,1
R893,Endodontic Operatory,1
R894,General Operatory,1
R895,Endodontic Operatory,1
R896,General Operatory,1
R897,General Operatory,1
R898,General Operatory,1
R899,General Operatory,1
R900,General Operatory,1
R901,General Operatory,1
R902,General Operatory,1
R903,General Operatory,1
R904,General Operatory,1
R905,General Operatory,1
R906,General Operatory,1
R907,General Operatory,1
R908,General Operatory,1
R909,General Operatory,1
R910,General Operatory,1
R911,Endodontic Operatory,1
R912,General Operatory,1
R913,General Operatory,1
R914,General Operatory,1
R915,General Operatory,1
R916,General Operatory,1
R917,Endodontic Operatory,1
R918,General Operatory,1
R919,Endodontic Operatory,1
R920,Endodontic Operatory,1
R921,General Operatory,1
R922,General Operatory,1
R923,General Operatory,1
R924,General Operatory,1
R925,Imaging Room,1
R926,Endodontic Operatory,1
R927,General Operatory,1
R928,General Operatory,1
R929,General Operatory,1
R930,General Operatory,1
R931,General Operatory,1
R932,General Operatory,1
R933,General Operatory,1
R934,Endodontic Operatory,1
R935,General Operatory,1
R936,General Operatory,1
R937,Endodontic Operatory,1
R938,General Operatory,1
R939,General Operatory,1
R940,General Operatory,1
R941,Imaging Room,1
R942,General Operatory,1
R943,General Operatory,1
R944,General Operatory,1
R945,General Operatory,1
R946,Imaging Room,1
R947,General Operatory,1
R948,Endodontic Operatory,1
R949,General Operatory,1
R950,General Operatory,1
R951,General Operatory,1
R952,General Operatory,1
R953,General Operatory,1
R954,General Operatory,1
R955,General Operatory,1
R956,General Operatory,1
R957,Endodontic Operatory,1
R958,General Operatory,1
R959,Endodontic Operatory,1
R960,General Operatory,1
R961,General Operatory,1
R962,General Operatory,1
R963,Endodontic Operatory,1
R964,Endodontic Operatory,1
R965,Endodontic Operatory,1
R966,General Operatory,1
R967,Endodontic Operatory,1
R968,Imaging Room,1
R969,Endodontic Operatory,1
R970,Imaging Room,1
R971,General Operatory,1
R972,General Operatory,1
R973,General Operatory,1
R974,General Operatory,1
R975,Endodontic Operatory,1
R976,Endodontic Operatory,1
R977,General Operatory,1
R978,General Operatory,1
R979,Imaging Room,1
R980,Imaging Room,1
R981,General Operatory,1
R982,General Operatory,1
R983,General Operatory,1
R984,General Operatory,1
R985,General Operatory,1
R986,Endodontic Operatory,1
R987,Endodontic Operatory,1
R988,Imaging Room,1
R989,Endodontic Operatory,1
R990,General Operatory,1
R991,General Operatory,1
R992,General Operatory,1
R993,General Operatory,1
R994,General Operatory,1
R995,General Operatory,1
R996,General Operatory,1
R997,Endodontic Operatory,1
R998,Imaging Room,1
R999,General Operatory,1
R1000,General Operatory,1
R1001,Endodontic Operatory,1
R1002,General Operatory,1
R1003,Endodontic Operatory,1
R1004,Endodontic Operatory,1
R1005,General Operatory,1
R1006,General Operatory,1
R1007,General Operatory,1
R1008,Endodontic Operatory,1
R1009,Endodontic Operatory,1
R1010,Endodontic Operatory,1
R1011,General Operatory,1
R1012,General Operatory,1
R1013,General Operatory,1
R1014,Endodontic Operatory,1
R1015,Endodontic Operatory,1
R1016,General Operatory,1
R1017,General Operatory,1
R1018,General Operatory,1
R1019,General Operatory,1
R1020,General Operatory,1
R1021,General Operatory,1
R1022,General Operatory,1
R1023,General Operatory,1
R1024,General Operatory,1
R1025,General Operatory,1
R1026,General Operatory,1
R1027,General Operatory,1
R1028,Imaging Room,1
R1029,General Operatory,1
R1030,Imaging Room,1
R1031,General Operatory,1
R1032,Endodontic Operatory,1
R1033,General Operatory,1
R1034,General Operatory,1
R1035,Endodontic Operatory,1
R1036,Imaging Room,1
R1037,General Operatory,1
R1038,General Operatory,1
R1039,General Operatory,1
R1040,General Operatory,1
R1041,General Operatory,1
R1042,General Operatory,1
R1043,General Operatory,1
R1044,Imaging Room,1
R1045,General Operatory,1
R1046,General Operatory,1
R1047,General Operatory,1
R1048,General Operatory,1
R1049,General Operatory,1
R1050,General Operatory,1
R1051,General Operatory,1
R1052,Endodontic Operatory,1
R1053,General Operatory,1
R1054,Endodontic Operatory,1
R1055,General Operatory,1
R1056,General Operatory,1
R1057,Endodontic Operatory,1
R1058,General Operatory,1
R1059,Endodontic Operatory,1
R1060,General Operatory,1
R1061,Imaging Room,1
R1062,Endodontic Operatory,1
R1063,Imaging Room,1
R1064,Endodontic Operatory,1
R1065,Imaging Room,1
R1066,Endodontic Operatory,1
R1067,General Operatory,1
R1068,General Operatory,1
R1069,General Operatory,1
R1070,General Operatory,1
R1071,General Operatory,1
R1072,General Operatory,1
R1073,General Operatory,1
R1074,General Operatory,1
R1075,General Operatory,1
R1076,Imaging Room,1
R1077,General Operatory,1
R1078,General Operatory,1
R1079,General Operatory,1
R1080,Endodontic Operatory,1
R1081,General Operatory,1
R1082,Endodontic Operatory,1
R1083,General Operatory,1
R1084,Endodontic Operatory,1
R1085,Endodontic Operatory,1
R1086,General Operatory,1
R1087,General Operatory,1
R1088,General Operatory,1
R1089,Imaging Room,1
R1090,General Operatory,1
R1091,General Operatory,1
R1092,General Operatory,1
R1093,General Operatory,1
R1094,Endodontic Operatory,1
R1095,General Operatory,1
R1096,Endodontic Operatory,1
R1097,General Operatory,1
R1098,General Operatory,1
R1099,Endodontic Operatory,1
R1100,General Operatory,1
R1101,General Operatory,1
R1102,Imaging Room,1
R1103,General Operatory,1
R1104,General Operatory,1
R1105,General Operatory,1
R1106,Endodontic Operatory,1
R1107,Endodontic Operatory,1
R1108,Imaging Room,1
R1109,Endodontic Operatory,1
R1110,Imaging Room,1
R1111,Endodontic Operatory,1
R1112,General Operatory,1
R1113,General Operatory,1
R1114,General Operatory,1
R1115,General Operatory,1
R1116,General Operatory,1
R1117,General Operatory,1
R1118,General Operatory,1
R1119,Endodontic Operatory,1
R1120,Endodontic Operatory,1
R1121,General Operatory,1
R1122,Imaging Room,1
R1123,General Operatory,1
R1124,Imaging Room,1
R1125,General Operatory,1
R1126,General Operatory,1
R1127,General Operatory,1
R1128,Endodontic Operatory,1
R1129,General Operatory,1
R1130,Endodontic Operatory,1
R1131,General Operatory,1
R1132,General Operatory,1
R1133,General Operatory,1
R1134,General Operatory,1
R1135,General Operatory,1
R1136,General Operatory,1
R1137,General Operatory,1
R1138,General Operatory,1
R1139,General Operatory,1
R1140,General Operatory,1
R1141,General Operatory,1
R1142,General Operatory,1
R1143,Endodontic Operatory,1
R1144,Endodontic Operatory,1
R1145,General Operatory,1
R1146,General Operatory,1
R1147,Endodontic Operatory,1
R1148,Imaging Room,1
R1149,General Operatory,1
R1150,General Operatory,1
R1151,General Operatory,1
R1152,General Operatory,1
R1153,General Operatory,1
R1154,Endodontic Operatory,1
R1155,General Operatory,1
R1156,General Operatory,1
R1157,General Operatory,1
R1158,Imaging Room,1
R1159,Imaging Room,1
R1160,Imaging Room,1
R1161,General Operatory,1
R1162,General Operatory,1
R1163,General Operatory,1
R1164,General Operatory,1
R1165,General Operatory,1
R1166,Endodontic Operatory,1
R1167,General Operatory,1
R1168,Imaging Room,1
R1169,General Operatory,1
R1170,Imaging Room,1
R1171,Endodontic Operatory,1
R1172,Imaging Room,1
R1173,General Operatory,1
R1174,General Operatory,1
R1175,General Operatory,1
R1176,General Operatory,1
R1177,General Operatory,1
R1178,General Operatory,1
R1179,General Operatory,1
R1180,General Operatory,1
R1181,General Operatory,1
R1182,General Operatory,1
R1183,General Operatory,1
R1184,General Operatory,1
R1185,General Operatory,1
R1186,General Operatory,1
R1187,Imaging Room,1
R1188,General Operatory,1
R1189,General Operatory,1
R1190,General Operatory,1
R1191,General Operatory,1
R1192,General Operatory,1
R1193,General Operatory,1
R1194,General Operatory,1
R1195,General Operatory,1
R1196,General Operatory,1
R1197,General Operatory,1
R1198,General Operatory,1
R1199,Endodontic Operatory,1
R1200,General Operatory,1
R1201,General Operatory,1
R1202,General Operatory,1
R1203,General Operatory,1
R1204,General Operatory,1
R1205,General Operatory,1
R1206,General Operatory,1
R1207,General Operatory,1
R1208,General Operatory,1
R1209,General Operatory,1
R1210,General Operatory,1
R1211,General Operatory,1
R1212,General Operatory,1
R1213,General Operatory,1
R1214,General Operatory,1
R1215,General Operatory,1
R1216,General Operatory,1
R1217,Endodontic Operatory,1
R1218,General Operatory,1
R1219,Endodontic Operatory,1
R1220,Imaging Room,1
R1221,General Operatory,1
R1222,General Operatory,1
R1223,General Operatory,1
R1224,General Operatory,1
R1225,General Operatory,1
R1226,General Operatory,1
R1227,Imaging Room,1
R1228,Endodontic Operatory,1
R1229,General Operatory,1
R1230,General Operatory,1
R1231,General Operatory,1
R1232,General Operatory,1
R1233,Endodontic Operatory,1
R1234,Endodontic Operatory,1
R1235,General Operatory,1
R1236,General Operatory,1
R1237,General Operatory,1
R1238,General Operatory,1
R1239,General Operatory,1
R1240,Endodontic Operatory,1
R1241,Endodontic Operatory,1
R1242,Endodontic Operatory,1
R1243,General Operatory,1
R1244,Endodontic Operatory,1
R1245,General Operatory,1
R1246,General Operatory,1
R1247,Imaging Room,1
R1248,General Operatory,1
R1249,Endodontic Operatory,1
R1250,General Operatory,1
R1251,General Operatory,1
R1252,General Operatory,1
R1253,General Operatory,1
R1254,General Operatory,1
R1255,General Operatory,1
R1256,Endodontic Operatory,1
R1257,General Operatory,1
R1258,General Operatory,1
R1259,General Operatory,1
R1260,General Operatory,1
R1261,Endodontic Operatory,1
R1262,General Operatory,1
R1263,General Operatory,1
R1264,General Operatory,1
R1265,General Operatory,1
R1266,Imaging Room,1
R1267,General Operatory,1
R1268,Imaging Room,1
R1269,General Operatory,1
R1270,General Operatory,1
R1271,General Operatory,1
R1272,Endodontic Operatory,1
R1273,General Operatory,1
R1274,General Operatory,1
R1275,General Operatory,1
R1276,General Operatory,1
R1277,Endodontic Operatory,1
R1278,General Operatory,1
R1279,General Operatory,1
R1280,General Operatory,1
R1281,General Operatory,1
R1282,General Operatory,1
R1283,General Operatory,1
R1284,General Operatory,1
R1285,Imaging Room,1
R1286,Endodontic Operatory,1
R1287,General Operatory,1
R1288,Endodontic Operatory,1
R1289,General Operatory,1
R1290,General Operatory,1
R1291,General Operatory,1
R1292,Imaging Room,1
R1293,Endodontic Operatory,1
R1294,Endodontic Operatory,1
R1295,General Operatory,1
R1296,General Operatory,1
R1297,General Operatory,1
R1298,General Operatory,1
R1299,Imaging Room,1
R1300,General Operatory,1
R1301,Endodontic Operatory,1
R1302,General Operatory,1
R1303,General Operatory,1
R1304,Imaging Room,1
R1305,Endodontic Operatory,1
R1306,Imaging Room,1
R1307,General Operatory,1
R1308,Endodontic Operatory,1
R1309,General Operatory,1
R1310,General Operatory,1
R1311,General Operatory,1
R1312,General Operatory,1
R1313,Endodontic Operatory,1
R1314,General Operatory,1
R1315,General Operatory,1
R1316,General Operatory,1
R1317,Endodontic Operatory,1
R1318,General Operatory,1
R1319,Endodontic Operatory,1
R1320,Imaging Room,1
R1321,General Operatory,1
R1322,General Operatory,1
R1323,General Operatory,1
R1324,General Operatory,1
R1325,Endodontic Operatory,1
R1326,General Operatory,1
R1327,Endodontic Operatory,1
R1328,General Operatory,1
R1329,Imaging Room,1
R1330,General Operatory,1
R1331,General Operatory,1
R1332,General Operatory,1
R1333,General Operatory,1
R1334,General Operatory,1
R1335,General Operatory,1
R1336,General Operatory,1
R1337,General Operatory,1
R1338,General Operatory,1
R1339,General Operatory,1
R1340,General Operatory,1
R1341,General Operatory,1
R1342,General Operatory,1
R1343,General Operatory,1
R1344,Endodontic Operatory,1
R1345,Endodontic Operatory,1
R1346,Imaging Room,1
R1347,General Operatory,1
R1348,General Operatory,1
R1349,General Operatory,1
R1350,General Operatory,1
R1351,Endodontic Operatory,1
R1352,General Operatory,1
R1353,General Operatory,1
R1354,Endodontic Operatory,1
R1355,Imaging Room,1
R1356,Imaging Room,1
R1357,General Operatory,1
R1358,General Operatory,1
R1359,Imaging Room,1
R1360,General Operatory,1
R1361,General Operatory,1
R1362,General Operatory,1
R1363,General Operatory,1
R1364,Endodontic Operatory,1
R1365,General Operatory,1
R1366,General Operatory,1
R1367,General Operatory,1
R1368,General Operatory,1
R1369,General Operatory,1
R1370,General Operatory,1
R1371,Endodontic Operatory,1
R1372,Imaging Room,1
R1373,General Operatory,1
R1374,General Operatory,1
R1375,General Operatory,1
R1376,General Operatory,1
R1377,General Operatory,1
R1378,Endodontic Operatory,1
R1379,Endodontic Operatory,1
R1380,General Operatory,1
R1381,General Operatory,1
R1382,General Operatory,1
R1383,General Operatory,1
R1384,General Operatory,1
R1385,General Operatory,1
R1386,General Operatory,1
R1387,General Operatory,1
R1388,General Operatory,1
R1389,General Operatory,1
R1390,Endodontic Operatory,1
R1391,General Operatory,1
R1392,General Operatory,1
R1393,General Operatory,1
R1394,General Operatory,1
R1395,Endodontic Operatory,1
R1396,General Operatory,1
R1397,General Operatory,1
R1398,Imaging Room,1
R1399,Endodontic Operatory,1
R1400,Imaging Room,1
R1401,General Operatory,1
R1402,General Operatory,1
R1403,General Operatory,1
R1404,General Operatory,1
R1405,General Operatory,1
R1406,General Operatory,1
R1407,General Operatory,1
R1408,General Operatory,1
R1409,Endodontic Operatory,1
R1410,General Operatory,1
R1411,Endodontic Operatory,1
R1412,General Operatory,1
R1413,General Operatory,1
R1414,General Operatory,1
R1415,General Operatory,1
R1416,General Operatory,1
R1417,General Operatory,1
R1418,Imaging Room,1
R1419,General Operatory,1
R1420,General Operatory,1
R1421,Endodontic Operatory,1
R1422,Endodontic Operatory,1
R1423,General Operatory,1
R1424,General Operatory,1
R1425,General Operatory,1
R1426,General Operatory,1
R1427,Endodontic Operatory,1
R1428,General Operatory,1
R1429,General Operatory,1
R1430,Endodontic Operatory,1
R1431,General Operatory,1
R1432,General Operatory,1
R1433,General Operatory,1
R1434,Endodontic Operatory,1
R1435,Imaging Room,1
R1436,General Operatory,1
R1437,General Operatory,1
R1438,Imaging Room,1
R1439,Endodontic Operatory,1
R1440,Endodontic Operatory,1
R1441,Endodontic Operatory,1
R1442,General Operatory,1
R1443,General Operatory,1
R1444,General Operatory,1
R1445,General Operatory,1
R1446,General Operatory,1
R1447,Endodontic Operatory,1
R1448,General Operatory,1
R1449,Imaging Room,1
R1450,Endodontic Operatory,1
R1451,General Operatory,1
R1452,General Operatory,1
R1453,Imaging Room,1
R1454,General Operatory,1
R1455,Endodontic Operatory,1
R1456,Imaging Room,1
R1457,General Operatory,1
R1458,General Operatory,1
R1459,General Operatory,1
R1460,General Operatory,1
R1461,General Operatory,1
R1462,General Operatory,1
R1463,General Operatory,1
R1464,General Operatory,1
R1465,General Operatory,1
R1466,Endodontic Operatory,1
R1467,General Operatory,1
R1468,Endodontic Operatory,1
R1469,General Operatory,1
R1470,Endodontic Operatory,1
R1471,General Operatory,1
R1472,Endodontic Operatory,1
R1473,General Operatory,1
R1474,Imaging Room,1
R1475,Endodontic Operatory,1
R1476,General Operatory,1
R1477,Endodontic Operatory,1
R1478,General Operatory,1
R1479,Endodontic Operatory,1
R1480,Endodontic Operatory,1
R1481,General Operatory,1
R1482,General Operatory,1
R1483,General Operatory,1
R1484,General Operatory,1
R1485,Imaging Room,1
R1486,Imaging Room,1
R1487,General Operatory,1
R1488,General Operatory,1
R1489,General Operatory,1
R1490,Imaging Room,1
R1491,Endodontic Operatory,1
R1492,General Operatory,1
R1493,Imaging Room,1
R1494,General Operatory,1
R1495,Imaging Room,1
R1496,General Operatory,1
R1497,Endodontic Operatory,1
R1498,Endodontic Operatory,1
R1499,General Operatory,1
R1500,Endodontic Operatory,1
R1501,General Operatory,1
R1502,Endodontic Operatory,1
R1503,Endodontic Operatory,1
R1504,General Operatory,1
R1505,Endodontic Operatory,1
R1506,Endodontic Operatory,1
R1507,General Operatory,1
R1508,Imaging Room,1
R1509,General Operatory,1
R1510,General Operatory,1
R1511,General Operatory,1
R1512,General Operatory,1
R1513,Endodontic Operatory,1
R1514,General Operatory,1
R1515,General Operatory,1
R1516,Endodontic Operatory,1
R1517,General Operatory,1
R1518,General Operatory,1
R1519,General Operatory,1
R1520,Endodontic Operatory,1
R1521,General Operatory,1
R1522,General Operatory,1
R1523,Endodontic Operatory,1
R1524,General Operatory,1
R1525,General Operatory,1
R1526,General Operatory,1
R1527,General Operatory,1
R1528,Imaging Room,1
R1529,General Operatory,1
R1530,General Operatory,1
R1531,General Operatory,1
R1532,General Operatory,1
R1533,General Operatory,1
R1534,Imaging Room,1
R1535,Endodontic Operatory,1
R1536,General Operatory,1
R1537,General Operatory,1
R1538,General Operatory,1
R1539,General Operatory,1
R1540,General Operatory,1
R1541,General Operatory,1
R1542,General Operatory,1
R1543,General Operatory,1
R1544,Endodontic Operatory,1
R1545,Endodontic Operatory,1
R1546,General Operatory,1
R1547,General Operatory,1
R1548,General Operatory,1
R1549,General Operatory,1
R1550,General Operatory,1
R1551,General Operatory,1
R1552,General Operatory,1
R1553,General Operatory,1
R1554,Imaging Room,1
R1555,General Operatory,1
R1556,General Operatory,1
R1557,General Operatory,1
R1558,General Operatory,1
R1559,General Operatory,1
R1560,Imaging Room,1
R1561,General Operatory,1
R1562,General Operatory,1
R1563,General Operatory,1
R1564,Endodontic Operatory,1
R1565,General Operatory,1
R1566,Imaging Room,1
R1567,Endodontic Operatory,1
R1568,General Operatory,1
R1569,Imaging Room,1
R1570,General Operatory,1
R1571,Imaging Room,1
R1572,Endodontic Operatory,1
R1573,General Operatory,1
R1574,General Operatory,1
R1575,General Operatory,1
R1576,Endodontic Operatory,1
R1577,General Operatory,1
R1578,General Operatory,1
R1579,General Operatory,1
R1580,Endodontic Operatory,1
R1581,General Operatory,1
R1582,Imaging Room,1
R1583,General Operatory,1
R1584,General Operatory,1
R1585,Endodontic Operatory,1
R1586,General Operatory,1
R1587,Imaging Room,1
R1588,Endodontic Operatory,1
R1589,Endodontic Operatory,1
R1590,Imaging Room,1
R1591,Endodontic Operatory,1
R1592,General Operatory,1
R1593,General Operatory,1
R1594,General Operatory,1
R1595,General Operatory,1
R1596,General Operatory,1
R1597,Endodontic Operatory,1
R1598,General Operatory,1
R1599,General Operatory,1
R1600,General Operatory,1
R1601,Endodontic Operatory,1
R1602,Endodontic Operatory,1
R1603,General Operatory,1
R1604,General Operatory,1
R1605,General Operatory,1
R1606,General Operatory,1
R1607,General Operatory,1
R1608,General Operatory,1
R1609,General Operatory,1
R1610,General Operatory,1
R1611,General Operatory,1
R1612,General Operatory,1
R1613,Imaging Room,1
R1614,General Operatory,1
R1615,General Operatory,1
R1616,General Operatory,1
R1617,General Operatory,1
R1618,Imaging Room,1
R1619,General Operatory,1
R1620,General Operatory,1
R1621,General Operatory,1
R1622,Endodontic Operatory,1
R1623,General Operatory,1
R1624,General Operatory,1
R1625,General Operatory,1
R1626,Imaging Room,1
R1627,General Operatory,1
R1628,General Operatory,1
R1629,General Operatory,1
R1630,General Operatory,1
R1631,General Operatory,1
R1632,General Operatory,1
R1633,General Operatory,1
R1634,General Operatory,1
R1635,General Operatory,1
R1636,General Operatory,1
R1637,General Operatory,1
R1638,Endodontic Operatory,1
R1639,General Operatory,1
R1640,Endodontic Operatory,1
R1641,General Operatory,1
R1642,General Operatory,1
R1643,General Operatory,1
R1644,Endodontic Operatory,1
R1645,Endodontic Operatory,1
R1646,General Operatory,1
R1647,General Operatory,1
R1648,General Operatory,1
R1649,Imaging Room,1
R1650,Endodontic Operatory,1
R1651,General Operatory,1
R1652,General Operatory,1
R1653,General Operatory,1
R1654,General Operatory,1
R1655,General Operatory,1
R1656,General Operatory,1
R1657,Endodontic Operatory,1
R1658,General Operatory,1
R1659,General Operatory,1
R1660,General Operatory,1
R1661,General Operatory,1
R1662,General Operatory,1
R1663,Imaging Room,1
R1664,General Operatory,1
R1665,General Operatory,1
R1666,Endodontic Operatory,1
R1667,Endodontic Operatory,1
R1668,General Operatory,1
R1669,Imaging Room,1
R1670,General Operatory,1
R1671,Endodontic Operatory,1
R1672,General Operatory,1
R1673,Imaging Room,1
R1674,General Operatory,1
R1675,General Operatory,1
R1676,General Operatory,1
R1677,General Operatory,1
R1678,General Operatory,1
R1679,General Operatory,1
R1680,General Operatory,1
R1681,General Operatory,1
R1682,General Operatory,1
R1683,General Operatory,1
R1684,General Operatory,1
R1685,General Operatory,1
R1686,General Operatory,1
R1687,General Operatory,1
R1688,General Operatory,1
R1689,General Operatory,1
R1690,Endodontic Operatory,1
R1691,Endodontic Operatory,1
R1692,General Operatory,1
R1693,General Operatory,1
R1694,General Operatory,1
R1695,Endodontic Operatory,1
R1696,General Operatory,1
R1697,General Operatory,1
R1698,General Operatory,1
R1699,General Operatory,1
R1700,Imaging Room,1
R1701,General Operatory,1
R1702,Imaging Room,1
R1703,Imaging Room,1
R1704,Imaging Room,1
R1705,General Operatory,1
R1706,Endodontic Operatory,1
R1707,Endodontic Operatory,1
R1708,General Operatory,1
R1709,Endodontic Operatory,1
R1710,General Operatory,1
R1711,General Operatory,1
R1712,General Operatory,1
R1713,General Operatory,1
R1714,General Operatory,1
R1715,General Operatory,1
R1716,General Operatory,1
R1717,General Operatory,1
R1718,Endodontic Operatory,1
R1719,General Operatory,1
R1720,Imaging Room,1
R1721,General Operatory,1
R1722,General Operatory,1
R1723,General Operatory,1
R1724,Endodontic Operatory,1
R1725,Imaging Room,1
R1726,General Operatory,1
R1727,General Operatory,1
R1728,Endodontic Operatory,1
R1729,Imaging Room,1
R1730,General Operatory,1
R1731,General Operatory,1
R1732,General Operatory,1
R1733,General Operatory,1
R1734,General Operatory,1
R1735,General Operatory,1
R1736,General Operatory,1
R1737,General Operatory,1
R1738,General Operatory,1
R1739,General Operatory,1
R1740,General Operatory,1
R1741,General Operatory,1
R1742,General Operatory,1
R1743,General Operatory,1
R1744,General Operatory,1
R1745,Endodontic Operatory,1
R1746,General Operatory,1
R1747,General Operatory,1
R1748,Imaging Room,1
R1749,General Operatory,1
R1750,Endodontic Operatory,1
R1751,Endodontic Operatory,1
R1752,General Operatory,1
R1753,General Operatory,1
R1754,General Operatory,1
R1755,Endodontic Operatory,1
R1756,General Operatory,1
R1757,General Operatory,1
R1758,General Operatory,1
R1759,General Operatory,1
R1760,General Operatory,1
R1761,Endodontic Operatory,1
R1762,General Operatory,1
R1763,General Operatory,1
R1764,General Operatory,1
R1765,General Operatory,1
R1766,General Operatory,1
R1767,General Operatory,1
R1768,General Operatory,1
R1769,General Operatory,1
R1770,General Operatory,1
R1771,General Operatory,1
R1772,Imaging Room,1
R1773,Imaging Room,1
R1774,General Operatory,1
R1775,General Operatory,1
R1776,Imaging Room,1
R1777,General Operatory,1
R1778,Endodontic Operatory,1
R1779,General Operatory,1
R1780,General Operatory,1
R1781,General Operatory,1
R1782,Imaging Room,1
R1783,General Operatory,1
R1784,Endodontic Operatory,1
R1785,General Operatory,1
R1786,Endodontic Operatory,1
R1787,General Operatory,1
R1788,General Operatory,1
R1789,General Operatory,1
R1790,General Operatory,1
R1791,Endodontic Operatory,1
R1792,General Operatory,1
R1793,General Operatory,1
R1794,General Operatory,1
R1795,General Operatory,1
R1796,General Operatory,1
R1797,General Operatory,1
R1798,General Operatory,1
R1799,General Operatory,1
R1800,Endodontic Operatory,1
R1801,General Operatory,1
R1802,Imaging Room,1
R1803,General Operatory,1
R1804,Endodontic Operatory,1
R1805,General Operatory,1
R1806,General Operatory,1
R1807,General Operatory,1
R1808,General Operatory,1
R1809,Endodontic Operatory,1
R1810,General Operatory,1
R1811,General Operatory,1
R1812,General Operatory,1
R1813,General Operatory,1
R1814,General Operatory,1
R1815,General Operatory,1
R1816,General Operatory,1
R1817,General Operatory,1
R1818,General Operatory,1
R1819,General Operatory,1
R1820,General Operatory,1
R1821,General Operatory,1
R1822,General Operatory,1
R1823,Imaging Room,1
R1824,General Operatory,1
R1825,General Operatory,1
R1826,General Operatory,1
R1827,Imaging Room,1
R1828,Imaging Room,1
R1829,General Operatory,1
R1830,General Operatory,1
R1831,General Operatory,1
R1832,General Operatory,1
R1833,General Operatory,1
R1834,Imaging Room,1
R1835,Imaging Room,1
R1836,General Operatory,1
R1837,General Operatory,1
R1838,General Operatory,1
R1839,Imaging Room,1
R1840,General Operatory,1
R1841,General Operatory,1
R1842,General Operatory,1
R1843,General Operatory,1
R1844,General Operatory,1
R1845,General Operatory,1
R1846,General Operatory,1
R1847,Endodontic Operatory,1
R1848,Imaging Room,1
R1849,General Operatory,1
R1850,General Operatory,1
R1851,General Operatory,1
R1852,Imaging Room,1
R1853,General Operatory,1
R1854,Imaging Room,1
R1855,General Operatory,1
R1856,Endodontic Operatory,1
R1857,Imaging Room,1
R1858,Endodontic Operatory,1
R1859,General Operatory,1
R1860,General Operatory,1
R1861,General Operatory,1
R1862,General Operatory,1
R1863,General Operatory,1
R1864,General Operatory,1
R1865,General Operatory,1
R1866,Endodontic Operatory,1
R1867,General Operatory,1
R1868,General Operatory,1
R1869,Imaging Room,1
R1870,General Operatory,1
R1871,General Operatory,1
R1872,General Operatory,1
R1873,General Operatory,1
R1874,General Operatory,1
R1875,General Operatory,1
